Region_Global,Applied Ecology,Biomonitoring/Water Quality,Conservation,Ecology/Behavior,Evolution/Phylogeny,Materials Science (Silk),Not Specified,Other,Physiology,Taxonomy/Systematics
Afrotropical,0.0,45.76271186440678,3.389830508474576,37.28813559322034,0.0,0.0,1.694915254237288,0.0,0.0,11.864406779661017
Australasian,0.0,22.413793103448278,1.7241379310344827,74.13793103448276,0.0,0.0,0.0,0.0,0.0,1.7241379310344827
East Palearctic,0.0,29.6875,3.125,57.8125,0.0,1.5625,3.125,0.0,0.0,4.6875
Global,0.0,16.666666666666664,0.0,66.66666666666666,0.0,0.0,0.0,16.666666666666664,0.0,0.0
Nearctic,1.0101010101010102,39.05723905723906,1.3468013468013467,48.484848484848484,0.6734006734006733,0.0,1.6835016835016834,0.6734006734006733,1.6835016835016834,5.387205387205387
Neotropical,0.0,27.27272727272727,0.45454545454545453,55.90909090909091,0.0,0.0,1.3636363636363635,0.45454545454545453,0.0,14.545454545454545
Not Specified,0.0,1.0,0.0,0.33333333333333337,0.0,0.0,97.66666666666667,0.33333333333333337,0.33333333333333337,0.33333333333333337
Oriental,0.0,35.9375,0.0,32.03125,0.78125,0.0,2.34375,1.5625,0.0,27.34375
Palearctic,0.5649717514124294,27.401129943502823,1.977401129943503,58.19209039548022,0.5649717514124294,0.0,0.847457627118644,1.694915254237288,0.847457627118644,7.909604519774012
