Cites,Authors,Title,Year,Source,Publisher,ArticleURL,CitesURL,GSRank,QueryDate,Type,DOI,ISSN,CitationURL,Volume,Issue,StartPage,EndPage,ECC,CitesPerYear,CitesPerAuthor,AuthorCount,Age,Abstract,FullTextURL,RelatedURL,ScopusID,EID
8,Northam W.,Using group-specific PCR to detect predation of mayflies (Ephemeroptera) by wolf spiders (Lycosidae) at a mercury-contaminated site,2012,Science of the Total Environment,,https://www.scopus.com/inward/record.uri?partnerID=HzOxMe3b&scp=84856208776&origin=inward,https://www.scopus.com/inward/citedby.uri?partnerID=HzOxMe3b&scp=84856208776&origin=inward,,2026-04-12 18:29:07,Article,10.1016/j.scitotenv.2011.11.083,00489697,https://api.elsevier.com/content/abstract/scopus_id/84856208776,416,,,,,0.62,8.0,1,13,,,,84856208776,2-s2.0-84856208776
8,Bottová K.,Life History and Secondary Production of Mayflies (Ephemeroptera) Indicate Disturbance in Two Small Carpathian Streams,2012,International Review of Hydrobiology,,https://www.scopus.com/inward/record.uri?partnerID=HzOxMe3b&scp=84860324787&origin=inward,https://www.scopus.com/inward/citedby.uri?partnerID=HzOxMe3b&scp=84860324787&origin=inward,,2026-04-12 18:29:07,Article,10.1002/iroh.201111364,14342944,https://api.elsevier.com/content/abstract/scopus_id/84860324787,97,2,,,,0.62,8.0,1,13,,,,84860324787,2-s2.0-84860324787
8,Drotz M.K.,The genetic population structure of lotic and lentic mayflies of the Baetis vernus group (Ephemeroptera: Baetidae),2012,Canadian Entomologist,,https://www.scopus.com/inward/record.uri?partnerID=HzOxMe3b&scp=84866398508&origin=inward,https://www.scopus.com/inward/citedby.uri?partnerID=HzOxMe3b&scp=84866398508&origin=inward,,2026-04-12 18:29:07,Article,10.4039/tce.2012.69,0008347X,https://api.elsevier.com/content/abstract/scopus_id/84866398508,144,5,,,,0.62,8.0,1,13,,,,84866398508,2-s2.0-84866398508
7,Sinitshenkova N.D.,The latest record of mayflies of the family protereismatidae sellards (Ephemerida = Ephemeroptera) and a new species of the family misthodotidae in the Upper Permian of Europe,2012,Paleontological Journal,,https://www.scopus.com/inward/record.uri?partnerID=HzOxMe3b&scp=84856605571&origin=inward,https://www.scopus.com/inward/citedby.uri?partnerID=HzOxMe3b&scp=84856605571&origin=inward,,2026-04-12 18:29:07,Article,10.1134/S0031030112010121,00310301,https://api.elsevier.com/content/abstract/scopus_id/84856605571,46,1,,,,0.54,7.0,1,13,,,,84856605571,2-s2.0-84856605571
11,Barber-James H.M.,"How well are Afrotropical mayflies known? Status of current knowledge, practical applications, and future directions",2012,Inland Waters,,https://www.scopus.com/inward/record.uri?partnerID=HzOxMe3b&scp=84875207822&origin=inward,https://www.scopus.com/inward/citedby.uri?partnerID=HzOxMe3b&scp=84875207822&origin=inward,,2026-04-12 18:29:07,Article,10.5268/IW-2.1.447,20442041,https://api.elsevier.com/content/abstract/scopus_id/84875207822,2,1,,,,0.85,11.0,1,13,,,,84875207822,2-s2.0-84875207822
8,Boyero L.,Contrasting behavioural responses of grazing mayflies and detritivorous caddisflies to predatory fish,2012,Marine and Freshwater Research,,https://www.scopus.com/inward/record.uri?partnerID=HzOxMe3b&scp=84855605021&origin=inward,https://www.scopus.com/inward/citedby.uri?partnerID=HzOxMe3b&scp=84855605021&origin=inward,,2026-04-12 18:29:07,Article,10.1071/MF11132,13231650,https://api.elsevier.com/content/abstract/scopus_id/84855605021,63,1,,,,0.62,8.0,1,13,,,,84855605021,2-s2.0-84855605021
7,Shipley M.M.,"Fatty acid composition of a burrowing mayfly, hexagenia limbata (ephemeroptera: Ephemeridae), from a north central texas lake",2012,Journal of the Kansas Entomological Society,,https://www.scopus.com/inward/record.uri?partnerID=HzOxMe3b&scp=84870790614&origin=inward,https://www.scopus.com/inward/citedby.uri?partnerID=HzOxMe3b&scp=84870790614&origin=inward,,2026-04-12 18:29:07,Article,10.2317/JKES120831.1,00228567,https://api.elsevier.com/content/abstract/scopus_id/84870790614,85,3,,,,0.54,7.0,1,13,,,,84870790614,2-s2.0-84870790614
23,Gattolliat J.L.,First contribution to the mayflies of jordan: (Insecta: Ephemeroptera),2012,Zoology in the Middle East,,https://www.scopus.com/inward/record.uri?partnerID=HzOxMe3b&scp=84861823104&origin=inward,https://www.scopus.com/inward/citedby.uri?partnerID=HzOxMe3b&scp=84861823104&origin=inward,,2026-04-12 18:29:07,Article,10.1080/09397140.2012.10648945,09397140,https://api.elsevier.com/content/abstract/scopus_id/84861823104,56,1,,,,1.77,23.0,1,13,,,,84861823104,2-s2.0-84861823104
41,Ditsche-Kuru P.,"At which surface roughness do claws cling? Investigations with larvae of the running water mayfly Epeorus assimilis (Heptageniidae, Ephemeroptera)",2012,Zoology,,https://www.scopus.com/inward/record.uri?partnerID=HzOxMe3b&scp=84870236218&origin=inward,https://www.scopus.com/inward/citedby.uri?partnerID=HzOxMe3b&scp=84870236218&origin=inward,,2026-04-12 18:29:07,Article,10.1016/j.zool.2011.11.003,09442006,https://api.elsevier.com/content/abstract/scopus_id/84870236218,115,6,,,,3.15,41.0,1,13,,,,84870236218,2-s2.0-84870236218
11,Kumar C.S.,Two new mayfly species (Baetidae) from India,2012,Oriental Insects,,https://www.scopus.com/inward/record.uri?partnerID=HzOxMe3b&scp=84869070558&origin=inward,https://www.scopus.com/inward/citedby.uri?partnerID=HzOxMe3b&scp=84869070558&origin=inward,,2026-04-12 18:29:07,Article,10.1080/00305316.2012.689487,00305316,https://api.elsevier.com/content/abstract/scopus_id/84869070558,46,2,,,,0.85,11.0,1,13,,,,84869070558,2-s2.0-84869070558
35,Encalada A.C.,Large-scale manipulation of mayfly recruitment affects population size,2012,Oecologia,,https://www.scopus.com/inward/record.uri?partnerID=HzOxMe3b&scp=84857925915&origin=inward,https://www.scopus.com/inward/citedby.uri?partnerID=HzOxMe3b&scp=84857925915&origin=inward,,2026-04-12 18:29:07,Article,10.1007/s00442-011-2147-1,00298549,https://api.elsevier.com/content/abstract/scopus_id/84857925915,168,4,,,,2.69,35.0,1,13,,,,84857925915,2-s2.0-84857925915
8,White M.M.,"New species of spartiella and legeriosimilis from mayflies and other arthropod-associated trichomycetes from nova Scotia, Canada",2012,Botany,,https://www.scopus.com/inward/record.uri?partnerID=HzOxMe3b&scp=84871028637&origin=inward,https://www.scopus.com/inward/citedby.uri?partnerID=HzOxMe3b&scp=84871028637&origin=inward,,2026-04-12 18:29:07,Article,10.1139/b2012-080,19162804,https://api.elsevier.com/content/abstract/scopus_id/84871028637,90,12,,,,0.62,8.0,1,13,,,,84871028637,2-s2.0-84871028637
58,Kim K.S.,Dietary (periphyton) and aqueous Zn bioaccumulation dynamics in the mayfly Centroptilum triangulifer,2012,Ecotoxicology,,https://www.scopus.com/inward/record.uri?partnerID=HzOxMe3b&scp=84868136203&origin=inward,https://www.scopus.com/inward/citedby.uri?partnerID=HzOxMe3b&scp=84868136203&origin=inward,,2026-04-12 18:29:07,Article,10.1007/s10646-012-0985-1,09639292,https://api.elsevier.com/content/abstract/scopus_id/84868136203,21,8,,,,4.46,58.0,1,13,,,,84868136203,2-s2.0-84868136203
234,Bauernfeind E.,The mayflies of Europe (Ephemeroptera),2012,Mayflies of Europe Ephemeroptera,,https://www.scopus.com/inward/record.uri?partnerID=HzOxMe3b&scp=84944882713&origin=inward,https://www.scopus.com/inward/citedby.uri?partnerID=HzOxMe3b&scp=84944882713&origin=inward,,2026-04-12 18:29:07,Book,10.1163/9789004260887,,https://api.elsevier.com/content/abstract/scopus_id/84944882713,,,,,,18.0,234.0,1,13,,,,84944882713,2-s2.0-84944882713
5,Mariluan G.D.,"Trematodes and nematodes parasitizing the benthic insect community of an Andean Patagonian stream, with emphasis on plagiorchiid metacercariae",2012,Invertebrate Biology,,https://www.scopus.com/inward/record.uri?partnerID=HzOxMe3b&scp=84870530285&origin=inward,https://www.scopus.com/inward/citedby.uri?partnerID=HzOxMe3b&scp=84870530285&origin=inward,,2026-04-12 18:29:07,Article,10.1111/ivb.12005,10778306,https://api.elsevier.com/content/abstract/scopus_id/84870530285,131,4,,,,0.38,5.0,1,13,,,,84870530285,2-s2.0-84870530285
29,Kjærstad G.,A review of the Ephemeroptera of Finnmark-DNA barcodes identify Holarctic relations,2012,Norwegian Journal of Entomology,,https://www.scopus.com/inward/record.uri?partnerID=HzOxMe3b&scp=85012005180&origin=inward,https://www.scopus.com/inward/citedby.uri?partnerID=HzOxMe3b&scp=85012005180&origin=inward,,2026-04-12 18:29:07,Article,,15018415,https://api.elsevier.com/content/abstract/scopus_id/85012005180,59,2,,,,2.23,29.0,1,13,,,,85012005180,2-s2.0-85012005180
8,Nguyen L.,Evaluation of the mayfly Ephoron virgo for European sediment toxicity assessment,2012,Journal of Soils and Sediments,,https://www.scopus.com/inward/record.uri?partnerID=HzOxMe3b&scp=84859766966&origin=inward,https://www.scopus.com/inward/citedby.uri?partnerID=HzOxMe3b&scp=84859766966&origin=inward,,2026-04-12 18:29:07,Article,10.1007/s11368-012-0488-y,14390108,https://api.elsevier.com/content/abstract/scopus_id/84859766966,12,5,,,,0.62,8.0,1,13,,,,84859766966,2-s2.0-84859766966
18,Penney D.,Ancient Ephemeroptera-Collembola Symbiosis Fossilized in Amber Predicts Contemporary Phoretic Associations,2012,Plos One,,https://www.scopus.com/inward/record.uri?partnerID=HzOxMe3b&scp=84867635510&origin=inward,https://www.scopus.com/inward/citedby.uri?partnerID=HzOxMe3b&scp=84867635510&origin=inward,,2026-04-12 18:29:07,Article,10.1371/journal.pone.0047651,,https://api.elsevier.com/content/abstract/scopus_id/84867635510,7,10,,,,1.38,18.0,1,13,,,,84867635510,2-s2.0-84867635510
1,Deng S.,Production dynamics and trophic basis of three dominant mayflies in the continuum of Shenglihe Stream in the Bahe river Basin,2012,Shengtai Xuebao Acta Ecologica Sinica,,https://www.scopus.com/inward/record.uri?partnerID=HzOxMe3b&scp=84864276230&origin=inward,https://www.scopus.com/inward/citedby.uri?partnerID=HzOxMe3b&scp=84864276230&origin=inward,,2026-04-12 18:29:07,Article,10.5846/stxb201103250376,10000933,https://api.elsevier.com/content/abstract/scopus_id/84864276230,32,9,,,,0.08,1.0,1,13,,,,84864276230,2-s2.0-84864276230
11,Gäde G.,The adipokinetic hormone (AKH) of one of the most basal orders of Pterygota: Structure and function of Ephemeroptera AKH,2012,Journal of Insect Physiology,,https://www.scopus.com/inward/record.uri?partnerID=HzOxMe3b&scp=84867888982&origin=inward,https://www.scopus.com/inward/citedby.uri?partnerID=HzOxMe3b&scp=84867888982&origin=inward,,2026-04-12 18:29:07,Article,10.1016/j.jinsphys.2012.08.001,00221910,https://api.elsevier.com/content/abstract/scopus_id/84867888982,58,11,,,,0.85,11.0,1,13,,,,84867888982,2-s2.0-84867888982
31,Genise J.F.,Asthenopodichnium in fossil wood: Different trace makers as indicators of different terrestrial palaeoenvironments,2012,Palaeogeography Palaeoclimatology Palaeoecology,,https://www.scopus.com/inward/record.uri?partnerID=HzOxMe3b&scp=84868382954&origin=inward,https://www.scopus.com/inward/citedby.uri?partnerID=HzOxMe3b&scp=84868382954&origin=inward,,2026-04-12 18:29:07,Article,10.1016/j.palaeo.2012.09.025,00310182,https://api.elsevier.com/content/abstract/scopus_id/84868382954,365-366,,,,,2.38,31.0,1,13,,,,84868382954,2-s2.0-84868382954
47,Rainbow P.S.,Caddisflies as biomonitors identifying thresholds of toxic metal bioavailability that affect the stream benthos,2012,Environmental Pollution,,https://www.scopus.com/inward/record.uri?partnerID=HzOxMe3b&scp=84859730716&origin=inward,https://www.scopus.com/inward/citedby.uri?partnerID=HzOxMe3b&scp=84859730716&origin=inward,,2026-04-12 18:29:07,Article,10.1016/j.envpol.2012.03.017,02697491,https://api.elsevier.com/content/abstract/scopus_id/84859730716,166,,,,,3.62,47.0,1,13,,,,84859730716,2-s2.0-84859730716
9,Elderkin C.L.,DNA barcoding to confirm morphological traits and determine relative abundance of burrowing mayfly species in western Lake Erie,2012,Journal of Great Lakes Research,,https://www.scopus.com/inward/record.uri?partnerID=HzOxMe3b&scp=84857140455&origin=inward,https://www.scopus.com/inward/citedby.uri?partnerID=HzOxMe3b&scp=84857140455&origin=inward,,2026-04-12 18:29:07,Article,10.1016/j.jglr.2011.11.010,03801330,https://api.elsevier.com/content/abstract/scopus_id/84857140455,38,1,,,,0.69,9.0,1,13,,,,84857140455,2-s2.0-84857140455
78,Blanke A.,Revival of Palaeoptera-head characters support a monophyletic origin of Odonata and Ephemeroptera (Insecta),2012,Cladistics,,https://www.scopus.com/inward/record.uri?partnerID=HzOxMe3b&scp=84869201936&origin=inward,https://www.scopus.com/inward/citedby.uri?partnerID=HzOxMe3b&scp=84869201936&origin=inward,,2026-04-12 18:29:07,Article,10.1111/j.1096-0031.2012.00405.x,07483007,https://api.elsevier.com/content/abstract/scopus_id/84869201936,28,6,,,,6.0,78.0,1,13,,,,84869201936,2-s2.0-84869201936
0,De Jong G.D.,Report of the mayfly family ameletidae (Ephemeroptera) from South Dakota,2012,Entomological News,,https://www.scopus.com/inward/record.uri?partnerID=HzOxMe3b&scp=84861394765&origin=inward,https://www.scopus.com/inward/citedby.uri?partnerID=HzOxMe3b&scp=84861394765&origin=inward,,2026-04-12 18:29:07,Article,10.3157/021.122.0103,0013872X,https://api.elsevier.com/content/abstract/scopus_id/84861394765,122,1,,,,0.0,0.0,1,13,,,,84861394765,2-s2.0-84861394765
2,Schmude K.,First Report of the Neoephemeridae (Ephemeroptera) in Wisconsin,2012,Great Lakes Entomologist,,https://www.scopus.com/inward/record.uri?partnerID=HzOxMe3b&scp=84867423514&origin=inward,https://www.scopus.com/inward/citedby.uri?partnerID=HzOxMe3b&scp=84867423514&origin=inward,,2026-04-12 18:29:07,Article,,00900222,https://api.elsevier.com/content/abstract/scopus_id/84867423514,45,1-2,,,,0.15,2.0,1,13,,,,84867423514,2-s2.0-84867423514
111,Webb J.M.,A DNA barcode library for North American ephemeroptera: Progress and prospects,2012,Plos One,,https://www.scopus.com/inward/record.uri?partnerID=HzOxMe3b&scp=84861589148&origin=inward,https://www.scopus.com/inward/citedby.uri?partnerID=HzOxMe3b&scp=84861589148&origin=inward,,2026-04-12 18:29:07,Article,10.1371/journal.pone.0038063,,https://api.elsevier.com/content/abstract/scopus_id/84861589148,7,5,,,,8.54,111.0,1,13,,,,84861589148,2-s2.0-84861589148
36,Schmidt T.S.,Estimating risks to aquatic life using quantile regression,2012,Freshwater Science,,https://www.scopus.com/inward/record.uri?partnerID=HzOxMe3b&scp=84877868204&origin=inward,https://www.scopus.com/inward/citedby.uri?partnerID=HzOxMe3b&scp=84877868204&origin=inward,,2026-04-12 18:29:07,Article,10.1899/11-133.1,21619549,https://api.elsevier.com/content/abstract/scopus_id/84877868204,31,3,,,,2.77,36.0,1,13,,,,84877868204,2-s2.0-84877868204
30,Shimano Y.,"Spatial distribution of trophic guilds and community structure of Ephemeroptera (Insecta) in streams of the Cerrado region in Mato Grosso, Brazil",2012,Iheringia Serie Zoologia,,https://www.scopus.com/inward/record.uri?partnerID=HzOxMe3b&scp=84864846837&origin=inward,https://www.scopus.com/inward/citedby.uri?partnerID=HzOxMe3b&scp=84864846837&origin=inward,,2026-04-12 18:29:07,Article,10.1590/S0073-47212012000200011,00734721,https://api.elsevier.com/content/abstract/scopus_id/84864846837,102,2,,,,2.31,30.0,1,13,,,,84864846837,2-s2.0-84864846837
30,Sechler D.,"Habitat for age-0 shovelnose sturgeon and pallid sturgeon in a large river: Interactions among abiotic factors, food, and energy intake",2012,North American Journal of Fisheries Management,,https://www.scopus.com/inward/record.uri?partnerID=HzOxMe3b&scp=84856996394&origin=inward,https://www.scopus.com/inward/citedby.uri?partnerID=HzOxMe3b&scp=84856996394&origin=inward,,2026-04-12 18:29:07,Article,10.1080/02755947.2012.655848,02755947,https://api.elsevier.com/content/abstract/scopus_id/84856996394,32,1,,,,2.31,30.0,1,13,,,,84856996394,2-s2.0-84856996394
24,Bálint M.,Species history masks the effects of human-induced range loss - unexpected genetic diversity in the endangered giant mayfly palingenia longicauda,2012,Plos One,,https://www.scopus.com/inward/record.uri?partnerID=HzOxMe3b&scp=84857802945&origin=inward,https://www.scopus.com/inward/citedby.uri?partnerID=HzOxMe3b&scp=84857802945&origin=inward,,2026-04-12 18:29:07,Article,10.1371/journal.pone.0031872,,https://api.elsevier.com/content/abstract/scopus_id/84857802945,7,3,,,,1.85,24.0,1,13,,,,84857802945,2-s2.0-84857802945
5,Zilli F.,"Life history traits and secondary production of Campsurus violaceus (Ephemeroptera: Polymitarcyidae) in the Paraná River floodplain lakes, Argentina",2012,Studies on Neotropical Fauna and Environment,,https://www.scopus.com/inward/record.uri?partnerID=HzOxMe3b&scp=84859652187&origin=inward,https://www.scopus.com/inward/citedby.uri?partnerID=HzOxMe3b&scp=84859652187&origin=inward,,2026-04-12 18:29:07,Article,10.1080/01650521.2011.645392,01650521,https://api.elsevier.com/content/abstract/scopus_id/84859652187,47,1,,,,0.38,5.0,1,13,,,,84859652187,2-s2.0-84859652187
3,Kandel P.,A new species of Ephemerellomyces from North America highlights its morphological plasticity and possible intergeneric similarities with other Harpellales,2012,Fungal Biology,,https://www.scopus.com/inward/record.uri?partnerID=HzOxMe3b&scp=84856329643&origin=inward,https://www.scopus.com/inward/citedby.uri?partnerID=HzOxMe3b&scp=84856329643&origin=inward,,2026-04-12 18:29:07,Article,10.1016/j.funbio.2011.10.003,18786146,https://api.elsevier.com/content/abstract/scopus_id/84856329643,116,2,,,,0.23,3.0,1,13,,,,84856329643,2-s2.0-84856329643
9,Siegloch A.E.,"Diversity of ephemeroptera (Insecta) of the serra da mantiqueira and serra do mar, southeastern Brazil",2012,Revista Brasileira De Entomologia,,https://www.scopus.com/inward/record.uri?partnerID=HzOxMe3b&scp=84874800237&origin=inward,https://www.scopus.com/inward/citedby.uri?partnerID=HzOxMe3b&scp=84874800237&origin=inward,,2026-04-12 18:29:07,Article,10.1590/S0085-56262012000400012,00855626,https://api.elsevier.com/content/abstract/scopus_id/84874800237,56,4,,,,0.69,9.0,1,13,,,,84874800237,2-s2.0-84874800237
1,Rinella D.J.,"New aquatic insect (Ephemeroptera, Trichoptera, and Plecoptera) records for Alaska, U.S.A.: Range extensions and a comment on under-sampled habitats",2012,Pan Pacific Entomologist,,https://www.scopus.com/inward/record.uri?partnerID=HzOxMe3b&scp=84872728321&origin=inward,https://www.scopus.com/inward/citedby.uri?partnerID=HzOxMe3b&scp=84872728321&origin=inward,,2026-04-12 18:29:07,Article,10.3956/2012-37.1,00310603,https://api.elsevier.com/content/abstract/scopus_id/84872728321,88,4,,,,0.08,1.0,1,13,,,,84872728321,2-s2.0-84872728321
45,Englert D.,Thiacloprid affects trophic interaction between gammarids and mayflies,2012,Environmental Pollution,,https://www.scopus.com/inward/record.uri?partnerID=HzOxMe3b&scp=84860526508&origin=inward,https://www.scopus.com/inward/citedby.uri?partnerID=HzOxMe3b&scp=84860526508&origin=inward,,2026-04-12 18:29:07,Article,10.1016/j.envpol.2012.03.024,02697491,https://api.elsevier.com/content/abstract/scopus_id/84860526508,167,,,,,3.46,45.0,1,13,,,,84860526508,2-s2.0-84860526508
8,William R.,"Two new genera of fungal trichomycetes, Bactromyces and Laculus (Harpellales), from Nova Scotia, Canada",2012,Botany,,https://www.scopus.com/inward/record.uri?partnerID=HzOxMe3b&scp=84857714602&origin=inward,https://www.scopus.com/inward/citedby.uri?partnerID=HzOxMe3b&scp=84857714602&origin=inward,,2026-04-12 18:29:07,Article,10.1139/B11-086,19162804,https://api.elsevier.com/content/abstract/scopus_id/84857714602,90,2,,,,0.62,8.0,1,13,,,,84857714602,2-s2.0-84857714602
25,Lima L.,"Ephemeroptera (insecta) from Pernambuco State, Northeastern Brazil",2012,Revista Brasileira De Entomologia,,https://www.scopus.com/inward/record.uri?partnerID=HzOxMe3b&scp=84874781258&origin=inward,https://www.scopus.com/inward/citedby.uri?partnerID=HzOxMe3b&scp=84874781258&origin=inward,,2026-04-12 18:29:07,Article,10.1590/S0085-56262012005000043,00855626,https://api.elsevier.com/content/abstract/scopus_id/84874781258,56,3,,,,1.92,25.0,1,13,,,,84874781258,2-s2.0-84874781258
20,Krist A.,"The invasive New Zealand mudsnail, Potamopyrgus antipodarum, is an effective grazer of algae and altered the assemblage of diatoms more than native grazers",2012,Hydrobiologia,,https://www.scopus.com/inward/record.uri?partnerID=HzOxMe3b&scp=84864307325&origin=inward,https://www.scopus.com/inward/citedby.uri?partnerID=HzOxMe3b&scp=84864307325&origin=inward,,2026-04-12 18:29:07,Article,10.1007/s10750-012-1138-5,00188158,https://api.elsevier.com/content/abstract/scopus_id/84864307325,694,1,,,,1.54,20.0,1,13,,,,84864307325,2-s2.0-84864307325
6,Motobayashi T.,Effects of formulation and treatment method of imidacloprid in nursery boxes on aquatic insects inhabiting rice paddy fields,2012,Japanese Journal of Applied Entomology and Zoology,,https://www.scopus.com/inward/record.uri?partnerID=HzOxMe3b&scp=84875939012&origin=inward,https://www.scopus.com/inward/citedby.uri?partnerID=HzOxMe3b&scp=84875939012&origin=inward,,2026-04-12 18:29:07,Article,10.1303/jjaez.2012.169,00214914,https://api.elsevier.com/content/abstract/scopus_id/84875939012,56,4,,,,0.46,6.0,1,13,,,,84875939012,2-s2.0-84875939012
84,Mebane C.A.,"Acute toxicity of cadmium, lead, zinc, and their mixtures to stream-resident fish and invertebrates",2012,Environmental Toxicology and Chemistry,,https://www.scopus.com/inward/record.uri?partnerID=HzOxMe3b&scp=84861222922&origin=inward,https://www.scopus.com/inward/citedby.uri?partnerID=HzOxMe3b&scp=84861222922&origin=inward,,2026-04-12 18:29:07,Article,10.1002/etc.1820,07307268,https://api.elsevier.com/content/abstract/scopus_id/84861222922,31,6,,,,6.46,84.0,1,13,,,,84861222922,2-s2.0-84861222922
3,Johnson J.H.,Diel feeding periodicity of Ephemera simulans nymphs in summer and winter,2012,Journal of Freshwater Ecology,,https://www.scopus.com/inward/record.uri?partnerID=HzOxMe3b&scp=84862840378&origin=inward,https://www.scopus.com/inward/citedby.uri?partnerID=HzOxMe3b&scp=84862840378&origin=inward,,2026-04-12 18:29:07,Article,10.1080/02705060.2012.659221,02705060,https://api.elsevier.com/content/abstract/scopus_id/84862840378,27,2,,,,0.23,3.0,1,13,,,,84862840378,2-s2.0-84862840378
14,Everall N.,Ecological benefits of creating messy rivers,2012,Area,,https://www.scopus.com/inward/record.uri?partnerID=HzOxMe3b&scp=84869085061&origin=inward,https://www.scopus.com/inward/citedby.uri?partnerID=HzOxMe3b&scp=84869085061&origin=inward,,2026-04-12 18:29:07,Article,10.1111/j.1475-4762.2012.01087.x,00040894,https://api.elsevier.com/content/abstract/scopus_id/84869085061,44,4,,,,1.08,14.0,1,13,,,,84869085061,2-s2.0-84869085061
7,Sroka P.,"Mayflies of the Caucasus Mountains. I. A new species of the genus Electrogena Zurwerra & Tomka, 1985",2012,Zootaxa,,https://www.scopus.com/inward/record.uri?partnerID=HzOxMe3b&scp=84858054043&origin=inward,https://www.scopus.com/inward/citedby.uri?partnerID=HzOxMe3b&scp=84858054043&origin=inward,,2026-04-12 18:29:07,Article,10.11646/zootaxa.3222.1.2,11755326,https://api.elsevier.com/content/abstract/scopus_id/84858054043,,3222,,,,0.54,7.0,1,13,,,,84858054043,2-s2.0-84858054043
8,Poulton B.C.,"An evaluation of the relative quality of dike pools for benthic macroinvertebrates in the lower Missouri river, USA",2012,River Research and Applications,,https://www.scopus.com/inward/record.uri?partnerID=HzOxMe3b&scp=84871394838&origin=inward,https://www.scopus.com/inward/citedby.uri?partnerID=HzOxMe3b&scp=84871394838&origin=inward,,2026-04-12 18:29:07,Article,10.1002/rra.1558,15351459,https://api.elsevier.com/content/abstract/scopus_id/84871394838,28,10,,,,0.62,8.0,1,13,,,,84871394838,2-s2.0-84871394838
0,Skal'skaya I.A.,Successions of zooperiphyton in a small river,2012,Inland Water Biology,,https://www.scopus.com/inward/record.uri?partnerID=HzOxMe3b&scp=84866104209&origin=inward,https://www.scopus.com/inward/citedby.uri?partnerID=HzOxMe3b&scp=84866104209&origin=inward,,2026-04-12 18:29:07,Article,10.1134/S1995082912030133,19950829,https://api.elsevier.com/content/abstract/scopus_id/84866104209,5,3,,,,0.0,0.0,1,13,,,,84866104209,2-s2.0-84866104209
0,,Next!: A country where governments have the longevity of mayflies,2012,Economist,,https://www.scopus.com/inward/record.uri?partnerID=HzOxMe3b&scp=84860654534&origin=inward,https://www.scopus.com/inward/citedby.uri?partnerID=HzOxMe3b&scp=84860654534&origin=inward,,2026-04-12 18:29:07,Short Survey,,00130613,https://api.elsevier.com/content/abstract/scopus_id/84860654534,403,8783,,,,0.0,0.0,0,13,,,,84860654534,2-s2.0-84860654534
0,Ishiwata S.,Mayflies of Lake Biwa,2012,Lake Biwa Interactions Between Nature and People,,https://www.scopus.com/inward/record.uri?partnerID=HzOxMe3b&scp=84949546708&origin=inward,https://www.scopus.com/inward/citedby.uri?partnerID=HzOxMe3b&scp=84949546708&origin=inward,,2026-04-12 18:29:07,Book Chapter,10.1007/978-94-007-1783-1_2,,https://api.elsevier.com/content/abstract/scopus_id/84949546708,,,,,,0.0,0.0,1,13,,,,84949546708,2-s2.0-84949546708
7,De Paula Paciencia G.,Allometric growth of two species of Ephemeroptera from Neotropical mountains streams,2012,Annales De Limnologie,,https://www.scopus.com/inward/record.uri?partnerID=HzOxMe3b&scp=84860712071&origin=inward,https://www.scopus.com/inward/citedby.uri?partnerID=HzOxMe3b&scp=84860712071&origin=inward,,2026-04-12 18:29:07,Article,10.1051/limn/2012007,00034088,https://api.elsevier.com/content/abstract/scopus_id/84860712071,48,2,,,,0.54,7.0,1,13,,,,84860712071,2-s2.0-84860712071
19,Brinkman S.,Acute toxicity of zinc to several aquatic species native to the rocky mountains,2012,Archives of Environmental Contamination and Toxicology,,https://www.scopus.com/inward/record.uri?partnerID=HzOxMe3b&scp=84856956440&origin=inward,https://www.scopus.com/inward/citedby.uri?partnerID=HzOxMe3b&scp=84856956440&origin=inward,,2026-04-12 18:29:07,Article,10.1007/s00244-011-9698-3,00904341,https://api.elsevier.com/content/abstract/scopus_id/84856956440,62,2,,,,1.46,19.0,1,13,,,,84856956440,2-s2.0-84856956440
19,Brinkman S.,Acute toxicity of zinc to several aquatic species native to the rocky mountains,2012,Archives of Environmental Contamination and Toxicology,,https://www.scopus.com/inward/record.uri?partnerID=HzOxMe3b&scp=84856956440&origin=inward,https://www.scopus.com/inward/citedby.uri?partnerID=HzOxMe3b&scp=84856956440&origin=inward,,2026-04-12 18:29:07,Article,10.1007/s00244-011-9698-3,00904341,https://api.elsevier.com/content/abstract/scopus_id/84856956440,62,2,,,,1.46,19.0,1,13,,,,84856956440,2-s2.0-84856956440
19,Wellnitz T.,Current-mediated periphytic structure modifies grazer interactions and algal removal,2012,Aquatic Ecology,,https://www.scopus.com/inward/record.uri?partnerID=HzOxMe3b&scp=84868357663&origin=inward,https://www.scopus.com/inward/citedby.uri?partnerID=HzOxMe3b&scp=84868357663&origin=inward,,2026-04-12 18:29:07,Article,10.1007/s10452-012-9419-7,13862588,https://api.elsevier.com/content/abstract/scopus_id/84868357663,46,4,,,,1.46,19.0,1,13,,,,84868357663,2-s2.0-84868357663
4,Haouchine S.,"Benthic macroinvertebrates of water-courses of Kabylia (Algeria): Faunistic, ecology and geographical distribution",2012,Bulletin De La Societe Zoologique De France,,https://www.scopus.com/inward/record.uri?partnerID=HzOxMe3b&scp=84887952829&origin=inward,https://www.scopus.com/inward/citedby.uri?partnerID=HzOxMe3b&scp=84887952829&origin=inward,,2026-04-12 18:29:07,Article,,0037962X,https://api.elsevier.com/content/abstract/scopus_id/84887952829,137,1-4,,,,0.31,4.0,1,13,,,,84887952829,2-s2.0-84887952829
3,Boogaard M.,Evaluation of 3-trifluoromethyl-4-nitrophenol (TFM) residues following a lampricide treatment as a risk assessment to the endangered piping plover,2012,Journal of Great Lakes Research,,https://www.scopus.com/inward/record.uri?partnerID=HzOxMe3b&scp=84860617573&origin=inward,https://www.scopus.com/inward/citedby.uri?partnerID=HzOxMe3b&scp=84860617573&origin=inward,,2026-04-12 18:29:07,Article,10.1016/j.jglr.2012.01.009,03801330,https://api.elsevier.com/content/abstract/scopus_id/84860617573,38,2,,,,0.23,3.0,1,13,,,,84860617573,2-s2.0-84860617573
10,Molineri C.,"Tortopus Needham & Murphy and Tortopsis Molineri (Ephemeroptera, Polymitarcyidae) new species and new records from Brazil and Ecuador",2012,Revista Brasileira De Entomologia,,https://www.scopus.com/inward/record.uri?partnerID=HzOxMe3b&scp=84874811477&origin=inward,https://www.scopus.com/inward/citedby.uri?partnerID=HzOxMe3b&scp=84874811477&origin=inward,,2026-04-12 18:29:07,Article,10.1590/S0085-56262012000400010,00855626,https://api.elsevier.com/content/abstract/scopus_id/84874811477,56,4,,,,0.77,10.0,1,13,,,,84874811477,2-s2.0-84874811477
8,Boldrini R.,Review of the genus Camelobaetidius Demoulin (Ephemeroptera: Baetidae) with reduced terminal filament,2012,Journal of Natural History,,https://www.scopus.com/inward/record.uri?partnerID=HzOxMe3b&scp=84865816270&origin=inward,https://www.scopus.com/inward/citedby.uri?partnerID=HzOxMe3b&scp=84865816270&origin=inward,,2026-04-12 18:29:07,Article,10.1080/00222933.2012.708447,00222933,https://api.elsevier.com/content/abstract/scopus_id/84865816270,46,33-34,,,,0.62,8.0,1,13,,,,84865816270,2-s2.0-84865816270
16,Horváth Z.,"Invertebrate food sources for waterbirds provided by the reconstructed wetland of Nyirkai-Hany, Northwestern Hungary",2012,Hydrobiologia,,https://www.scopus.com/inward/record.uri?partnerID=HzOxMe3b&scp=84865403623&origin=inward,https://www.scopus.com/inward/citedby.uri?partnerID=HzOxMe3b&scp=84865403623&origin=inward,,2026-04-12 18:29:07,Article,10.1007/s10750-012-1170-5,00188158,https://api.elsevier.com/content/abstract/scopus_id/84865403623,697,1,,,,1.23,16.0,1,13,,,,84865403623,2-s2.0-84865403623
17,Wesner J.S.,Emerging aquatic insects as predators in terrestrial systems across a gradient of stream temperature in North and South America,2012,Freshwater Biology,,https://www.scopus.com/inward/record.uri?partnerID=HzOxMe3b&scp=84867919652&origin=inward,https://www.scopus.com/inward/citedby.uri?partnerID=HzOxMe3b&scp=84867919652&origin=inward,,2026-04-12 18:29:07,Article,10.1111/fwb.12013,00465070,https://api.elsevier.com/content/abstract/scopus_id/84867919652,57,12,,,,1.31,17.0,1,13,,,,84867919652,2-s2.0-84867919652
9,Utz R.,"Juvenile Chinook salmon, Oncorhynchus tshawytscha, growth and diet in riverine habitat engineered to improve conditions for spawning",2012,Fisheries Management and Ecology,,https://www.scopus.com/inward/record.uri?partnerID=HzOxMe3b&scp=84866142555&origin=inward,https://www.scopus.com/inward/citedby.uri?partnerID=HzOxMe3b&scp=84866142555&origin=inward,,2026-04-12 18:29:07,Article,10.1111/j.1365-2400.2012.00849.x,0969997X,https://api.elsevier.com/content/abstract/scopus_id/84866142555,19,5,,,,0.69,9.0,1,13,,,,84866142555,2-s2.0-84866142555
65,Jardine T.D.,Aquatic and terrestrial organic matter in the diet of stream consumers: Implications for mercury bioaccumulation,2012,Ecological Applications,,https://www.scopus.com/inward/record.uri?partnerID=HzOxMe3b&scp=84860251502&origin=inward,https://www.scopus.com/inward/citedby.uri?partnerID=HzOxMe3b&scp=84860251502&origin=inward,,2026-04-12 18:29:07,Article,10.1890/11-0874.1,10510761,https://api.elsevier.com/content/abstract/scopus_id/84860251502,22,3,,,,5.0,65.0,1,13,,,,84860251502,2-s2.0-84860251502
40,Agouridis C.T.,Water quality characteristics of discharge from reforested loose-dumped mine spoil in Eastern Kentucky,2012,Journal of Environmental Quality,,https://www.scopus.com/inward/record.uri?partnerID=HzOxMe3b&scp=84858590564&origin=inward,https://www.scopus.com/inward/citedby.uri?partnerID=HzOxMe3b&scp=84858590564&origin=inward,,2026-04-12 18:29:07,Article,10.2134/jeq2011.0158,00472425,https://api.elsevier.com/content/abstract/scopus_id/84858590564,41,2,,,,3.08,40.0,1,13,,,,84858590564,2-s2.0-84858590564
1,Tiunova T.M.,"A new species of Metreletus Demoulin, 1951 from the far Eastern region of Russia (Ephemeroptera: Ameletidae)",2012,Zootaxa,,https://www.scopus.com/inward/record.uri?partnerID=HzOxMe3b&scp=84862581296&origin=inward,https://www.scopus.com/inward/citedby.uri?partnerID=HzOxMe3b&scp=84862581296&origin=inward,,2026-04-12 18:29:07,Article,10.11646/zootaxa.3349.1.3,11755326,https://api.elsevier.com/content/abstract/scopus_id/84862581296,,3349,,,,0.08,1.0,1,13,,,,84862581296,2-s2.0-84862581296
16,Lima L.R.C.,New species and new records of hermanella complex (Ephemeroptera: Leptophlebiidae) from Eastern Brazilian Coast,2012,Annales De Limnologie,,https://www.scopus.com/inward/record.uri?partnerID=HzOxMe3b&scp=84996128614&origin=inward,https://www.scopus.com/inward/citedby.uri?partnerID=HzOxMe3b&scp=84996128614&origin=inward,,2026-04-12 18:29:07,Article,10.1051/limn/2012011,00034088,https://api.elsevier.com/content/abstract/scopus_id/84996128614,48,2,,,,1.23,16.0,1,13,,,,84996128614,2-s2.0-84996128614
10,Sroka P.,"Morphological and genetic variability of Baetis (Rhodobaetis) braaschi Zimmermann, 1980 (Ephemeroptera: Baetidae)",2012,Zootaxa,,https://www.scopus.com/inward/record.uri?partnerID=HzOxMe3b&scp=84861439870&origin=inward,https://www.scopus.com/inward/citedby.uri?partnerID=HzOxMe3b&scp=84861439870&origin=inward,,2026-04-12 18:29:07,Review,10.11646/zootaxa.3323.1.2,11755326,https://api.elsevier.com/content/abstract/scopus_id/84861439870,,3323,,,,0.77,10.0,1,13,,,,84861439870,2-s2.0-84861439870
40,Didham R.K.,Horizontal and vertical structuring in the dispersal of adult aquatic insects in a fragmented landscape,2012,Fundamental and Applied Limnology,,https://www.scopus.com/inward/record.uri?partnerID=HzOxMe3b&scp=84872847621&origin=inward,https://www.scopus.com/inward/citedby.uri?partnerID=HzOxMe3b&scp=84872847621&origin=inward,,2026-04-12 18:29:07,Article,10.1127/1863-9135/2012/0243,18639135,https://api.elsevier.com/content/abstract/scopus_id/84872847621,180,1,,,,3.08,40.0,1,13,,,,84872847621,2-s2.0-84872847621
25,Pereira-Da-Conceicoa L.L.,Cryptic variation in an ecological indicator organism: Mitochondrial and nuclear DNA sequence data confirm distinct lineages of Baetis harrisoni Barnard (Ephemeroptera: Baetidae) in southern Africa,2012,BMC Evolutionary Biology,,https://www.scopus.com/inward/record.uri?partnerID=HzOxMe3b&scp=84857478732&origin=inward,https://www.scopus.com/inward/citedby.uri?partnerID=HzOxMe3b&scp=84857478732&origin=inward,,2026-04-12 18:29:07,Article,10.1186/1471-2148-12-26,,https://api.elsevier.com/content/abstract/scopus_id/84857478732,12,1,,,,1.92,25.0,1,13,,,,84857478732,2-s2.0-84857478732
18,Crane A.,Socially facilitated antipredator behavior by ringed salamanders (Ambystoma annulatum),2012,Behavioral Ecology and Sociobiology,,https://www.scopus.com/inward/record.uri?partnerID=HzOxMe3b&scp=84859728575&origin=inward,https://www.scopus.com/inward/citedby.uri?partnerID=HzOxMe3b&scp=84859728575&origin=inward,,2026-04-12 18:29:07,Article,10.1007/s00265-012-1329-0,03405443,https://api.elsevier.com/content/abstract/scopus_id/84859728575,66,5,,,,1.38,18.0,1,13,,,,84859728575,2-s2.0-84859728575
25,Salles F.F.,Systematics and phylogeny of Ulmeritus-Ulmeritoides revisited (Ephemeroptera: Leptophlebiidae),2012,Zootaxa,,https://www.scopus.com/inward/record.uri?partnerID=HzOxMe3b&scp=84870484399&origin=inward,https://www.scopus.com/inward/citedby.uri?partnerID=HzOxMe3b&scp=84870484399&origin=inward,,2026-04-12 18:29:07,Article,10.11646/zootaxa.3571.1.3,11755326,https://api.elsevier.com/content/abstract/scopus_id/84870484399,,3571,,,,1.92,25.0,1,13,,,,84870484399,2-s2.0-84870484399
38,Klose K.,Contrasting effects of an invasive crayfish (Procambarus clarkii) on two temperate stream communities,2012,Freshwater Biology,,https://www.scopus.com/inward/record.uri?partnerID=HzOxMe3b&scp=84855869197&origin=inward,https://www.scopus.com/inward/citedby.uri?partnerID=HzOxMe3b&scp=84855869197&origin=inward,,2026-04-12 18:29:07,Article,10.1111/j.1365-2427.2011.02721.x,00465070,https://api.elsevier.com/content/abstract/scopus_id/84855869197,57,3,,,,2.92,38.0,1,13,,,,84855869197,2-s2.0-84855869197
7,De-Souza M.R.,"The adults and nymphs of Asthenopus angelae new species (Ephemeroptera: Polymitarcyidae) from Argentina, Bolivia, Brazil and Colombia",2012,Zootaxa,,https://www.scopus.com/inward/record.uri?partnerID=HzOxMe3b&scp=84864358048&origin=inward,https://www.scopus.com/inward/citedby.uri?partnerID=HzOxMe3b&scp=84864358048&origin=inward,,2026-04-12 18:29:07,Article,10.11646/zootaxa.3399.1.4,11755326,https://api.elsevier.com/content/abstract/scopus_id/84864358048,,3399,,,,0.54,7.0,1,13,,,,84864358048,2-s2.0-84864358048
13,McCabe D.J.,Measuring standardized effect size improves interpretation of biomonitoring studies and facilitates meta-analysis,2012,Freshwater Science,,https://www.scopus.com/inward/record.uri?partnerID=HzOxMe3b&scp=84884329791&origin=inward,https://www.scopus.com/inward/citedby.uri?partnerID=HzOxMe3b&scp=84884329791&origin=inward,,2026-04-12 18:29:07,Article,10.1899/11-080.1,21619549,https://api.elsevier.com/content/abstract/scopus_id/84884329791,31,3,,,,1.0,13.0,1,13,,,,84884329791,2-s2.0-84884329791
85,Li F.,Relationships between stream macroinvertebrates and environmental variables at multiple spatial scales,2012,Freshwater Biology,,https://www.scopus.com/inward/record.uri?partnerID=HzOxMe3b&scp=84865863197&origin=inward,https://www.scopus.com/inward/citedby.uri?partnerID=HzOxMe3b&scp=84865863197&origin=inward,,2026-04-12 18:29:07,Article,10.1111/j.1365-2427.2012.02854.x,00465070,https://api.elsevier.com/content/abstract/scopus_id/84865863197,57,10,,,,6.54,85.0,1,13,,,,84865863197,2-s2.0-84865863197
40,Letsch H.O.,"Insect phylogenomics: Results, problems and the impact of matrix composition",2012,Proceedings of the Royal Society B Biological Sciences,,https://www.scopus.com/inward/record.uri?partnerID=HzOxMe3b&scp=84863875375&origin=inward,https://www.scopus.com/inward/citedby.uri?partnerID=HzOxMe3b&scp=84863875375&origin=inward,,2026-04-12 18:29:07,Article,10.1098/rspb.2012.0744,09628452,https://api.elsevier.com/content/abstract/scopus_id/84863875375,279,1741,,,,3.08,40.0,1,13,,,,84863875375,2-s2.0-84863875375
28,Herrmann J.,"Chemical and biological benefits in a stormwater wetland in Kalmar, SE Sweden",2012,Limnologica,,https://www.scopus.com/inward/record.uri?partnerID=HzOxMe3b&scp=84867462132&origin=inward,https://www.scopus.com/inward/citedby.uri?partnerID=HzOxMe3b&scp=84867462132&origin=inward,,2026-04-12 18:29:07,Article,10.1016/j.limno.2012.07.003,00759511,https://api.elsevier.com/content/abstract/scopus_id/84867462132,42,4,,,,2.15,28.0,1,13,,,,84867462132,2-s2.0-84867462132
7,Brito P.,Morphology of Male Reproductive Systems in Ephemeroptera: Intrinsic Musculature,2012,Neotropical Entomology,,https://www.scopus.com/inward/record.uri?partnerID=HzOxMe3b&scp=84863453789&origin=inward,https://www.scopus.com/inward/citedby.uri?partnerID=HzOxMe3b&scp=84863453789&origin=inward,,2026-04-12 18:29:07,Article,10.1007/s13744-012-0039-7,1519566X,https://api.elsevier.com/content/abstract/scopus_id/84863453789,41,4,,,,0.54,7.0,1,13,,,,84863453789,2-s2.0-84863453789
7,Trouilhé M.,The relationship between Ephemeroptera and presence of the white-clawed crayfish (Austropotamobius pallipes). Case study in the Poitou-Charentes region (France),2012,Fundamental and Applied Limnology,,https://www.scopus.com/inward/record.uri?partnerID=HzOxMe3b&scp=84875986118&origin=inward,https://www.scopus.com/inward/citedby.uri?partnerID=HzOxMe3b&scp=84875986118&origin=inward,,2026-04-12 18:29:07,Article,10.1127/1863-9135/2012/0028,18639135,https://api.elsevier.com/content/abstract/scopus_id/84875986118,179,4,,,,0.54,7.0,1,13,,,,84875986118,2-s2.0-84875986118
8,Blakely T.J.,Distinctive aquatic assemblages in water-filled tree holes: A novel component of freshwater biodiversity in New Zealand temperate rainforests,2012,Insect Conservation and Diversity,,https://www.scopus.com/inward/record.uri?partnerID=HzOxMe3b&scp=84861230008&origin=inward,https://www.scopus.com/inward/citedby.uri?partnerID=HzOxMe3b&scp=84861230008&origin=inward,,2026-04-12 18:29:07,Article,10.1111/j.1752-4598.2011.00155.x,1752458X,https://api.elsevier.com/content/abstract/scopus_id/84861230008,5,3,,,,0.62,8.0,1,13,,,,84861230008,2-s2.0-84861230008
1,Ortiz J.D.,Changes in macroinvertebrate elemental stoichiometry below a point source in a mediterranean stream,2012,Aquatic Ecosystem Research Trends,,https://www.scopus.com/inward/record.uri?partnerID=HzOxMe3b&scp=84895217448&origin=inward,https://www.scopus.com/inward/citedby.uri?partnerID=HzOxMe3b&scp=84895217448&origin=inward,,2026-04-12 18:29:07,Book Chapter,,,https://api.elsevier.com/content/abstract/scopus_id/84895217448,,,,,,0.08,1.0,1,13,,,,84895217448,2-s2.0-84895217448
8,Li F.,Flow-related disturbances in forested and agricultural rivers: Influences on benthic macroinvertebrates,2012,International Review of Hydrobiology,,https://www.scopus.com/inward/record.uri?partnerID=HzOxMe3b&scp=84862675877&origin=inward,https://www.scopus.com/inward/citedby.uri?partnerID=HzOxMe3b&scp=84862675877&origin=inward,,2026-04-12 18:29:07,Article,10.1002/iroh.201111458,14342944,https://api.elsevier.com/content/abstract/scopus_id/84862675877,97,3,,,,0.62,8.0,1,13,,,,84862675877,2-s2.0-84862675877
61,Selck H.,Explaining differences between bioaccumulation measurements in laboratory and field data through use of a probabilistic modeling approach,2012,Integrated Environmental Assessment and Management,,https://www.scopus.com/inward/record.uri?partnerID=HzOxMe3b&scp=84859731193&origin=inward,https://www.scopus.com/inward/citedby.uri?partnerID=HzOxMe3b&scp=84859731193&origin=inward,,2026-04-12 18:29:07,Article,10.1002/ieam.217,15513793,https://api.elsevier.com/content/abstract/scopus_id/84859731193,8,1,,,,4.69,61.0,1,13,,,,84859731193,2-s2.0-84859731193
4,Motta-Díaz A.,New reports of the genus baetodes needham and murphy (Ephemeroptera: Baetidae) from Colombia,2012,Entomotropica,,https://www.scopus.com/inward/record.uri?partnerID=HzOxMe3b&scp=84878352138&origin=inward,https://www.scopus.com/inward/citedby.uri?partnerID=HzOxMe3b&scp=84878352138&origin=inward,,2026-04-12 18:29:07,Article,,13175262,https://api.elsevier.com/content/abstract/scopus_id/84878352138,27,1,,,,0.31,4.0,1,13,,,,84878352138,2-s2.0-84878352138
8,Bailey R.,Bioassessment of stream ecosystems enduring a decade of simulated degradation: Lessons for the real world,2012,Canadian Journal of Fisheries and Aquatic Sciences,,https://www.scopus.com/inward/record.uri?partnerID=HzOxMe3b&scp=84858962879&origin=inward,https://www.scopus.com/inward/citedby.uri?partnerID=HzOxMe3b&scp=84858962879&origin=inward,,2026-04-12 18:29:07,Article,10.1139/F2012-010,0706652X,https://api.elsevier.com/content/abstract/scopus_id/84858962879,69,4,,,,0.62,8.0,1,13,,,,84858962879,2-s2.0-84858962879
116,Alp M.,How river structure and biological traits influence gene flow: A population genetic study of two stream invertebrates with differing dispersal abilities,2012,Freshwater Biology,,https://www.scopus.com/inward/record.uri?partnerID=HzOxMe3b&scp=84859430068&origin=inward,https://www.scopus.com/inward/citedby.uri?partnerID=HzOxMe3b&scp=84859430068&origin=inward,,2026-04-12 18:29:07,Article,10.1111/j.1365-2427.2012.02758.x,00465070,https://api.elsevier.com/content/abstract/scopus_id/84859430068,57,5,,,,8.92,116.0,1,13,,,,84859430068,2-s2.0-84859430068
16,Suhaila A.H.,"Temporal distribution of Ephemeroptera, Plecoptera and Trichoptera (EPT) adults at a tropical forest stream: Response to seasonal variations",2012,Environmentalist,,https://www.scopus.com/inward/record.uri?partnerID=HzOxMe3b&scp=84857449514&origin=inward,https://www.scopus.com/inward/citedby.uri?partnerID=HzOxMe3b&scp=84857449514&origin=inward,,2026-04-12 18:29:07,Article,10.1007/s10669-011-9362-5,02511088,https://api.elsevier.com/content/abstract/scopus_id/84857449514,32,1,,,,1.23,16.0,1,13,,,,84857449514,2-s2.0-84857449514
14,Rybicki M.,Herbicide indirectly reduces physiological condition of a benthic grazer,2012,Aquatic Biology,,https://www.scopus.com/inward/record.uri?partnerID=HzOxMe3b&scp=84871422557&origin=inward,https://www.scopus.com/inward/citedby.uri?partnerID=HzOxMe3b&scp=84871422557&origin=inward,,2026-04-12 18:29:07,Article,10.3354/ab00472,18647782,https://api.elsevier.com/content/abstract/scopus_id/84871422557,17,2,,,,1.08,14.0,1,13,,,,84871422557,2-s2.0-84871422557
6,Gonçalves I.C.,A remarkable new genus of Atalophlebiinae (Ephemeroptera: Leptophlebiidae) from the Neotropics,2012,Zoologischer Anzeiger,,https://www.scopus.com/inward/record.uri?partnerID=HzOxMe3b&scp=84860838009&origin=inward,https://www.scopus.com/inward/citedby.uri?partnerID=HzOxMe3b&scp=84860838009&origin=inward,,2026-04-12 18:29:07,Article,10.1016/j.jcz.2011.07.003,00445231,https://api.elsevier.com/content/abstract/scopus_id/84860838009,251,2,,,,0.46,6.0,1,13,,,,84860838009,2-s2.0-84860838009
5,Baumgardner D.,"The adult stage of Languidipes corporaali (Lestage, 1922), new status and the validity of Povilla (Navás) (Ephemeroptera: Polymitarcyidae: Asthenopodinae)",2012,Aquatic Insects,,https://www.scopus.com/inward/record.uri?partnerID=HzOxMe3b&scp=84870489798&origin=inward,https://www.scopus.com/inward/citedby.uri?partnerID=HzOxMe3b&scp=84870489798&origin=inward,,2026-04-12 18:29:07,Article,10.1080/01650424.2012.713487,01650424,https://api.elsevier.com/content/abstract/scopus_id/84870489798,34,2,,,,0.38,5.0,1,13,,,,84870489798,2-s2.0-84870489798
111,Couceiro S.R.M.,A macroinvertebrate multimetric index to evaluate the biological condition of streams in the Central Amazon region of Brazil,2012,Ecological Indicators,,https://www.scopus.com/inward/record.uri?partnerID=HzOxMe3b&scp=82655180712&origin=inward,https://www.scopus.com/inward/citedby.uri?partnerID=HzOxMe3b&scp=82655180712&origin=inward,,2026-04-12 18:29:07,Article,10.1016/j.ecolind.2011.11.001,1470160X,https://api.elsevier.com/content/abstract/scopus_id/82655180712,18,,,,,8.54,111.0,1,13,,,,82655180712,2-s2.0-82655180712
4,Cruz P.,New Baetidae (Insecta: Ephemeroptera) records from Venezuela and nymph description of an unnamed fallceon species,2012,International Journal of Zoology,,https://www.scopus.com/inward/record.uri?partnerID=HzOxMe3b&scp=84864913137&origin=inward,https://www.scopus.com/inward/citedby.uri?partnerID=HzOxMe3b&scp=84864913137&origin=inward,,2026-04-12 18:29:07,Article,10.1155/2012/837092,16878477,https://api.elsevier.com/content/abstract/scopus_id/84864913137,,,,,,0.31,4.0,1,13,,,,84864913137,2-s2.0-84864913137
11,Belmont E.,"Leptohyphidae (Insecta, Ephemeroptera) of Amazonas state, Brazil: New records, new combination, new species and identification key for nymphal stages.",2012,Revista Brasileira De Entomologia,,https://www.scopus.com/inward/record.uri?partnerID=HzOxMe3b&scp=84874789411&origin=inward,https://www.scopus.com/inward/citedby.uri?partnerID=HzOxMe3b&scp=84874789411&origin=inward,,2026-04-12 18:29:07,Article,10.1590/S0085-56262012005000054,00855626,https://api.elsevier.com/content/abstract/scopus_id/84874789411,56,3,,,,0.85,11.0,1,13,,,,84874789411,2-s2.0-84874789411
43,Bashkuev A.,Insects from the Buntsandstein of Lower Franconia and Thuringia,2012,Palaontologische Zeitschrift,,https://www.scopus.com/inward/record.uri?partnerID=HzOxMe3b&scp=84861728414&origin=inward,https://www.scopus.com/inward/citedby.uri?partnerID=HzOxMe3b&scp=84861728414&origin=inward,,2026-04-12 18:29:07,Article,10.1007/s12542-011-0119-8,00310220,https://api.elsevier.com/content/abstract/scopus_id/84861728414,86,2,,,,3.31,43.0,1,13,,,,84861728414,2-s2.0-84861728414
36,Reynaga M.C.,Biological traits of macroinvertebrates from subtropical streams: Patterns along spatial-temporal environmental gradients,2012,Ecologia Austral,,https://www.scopus.com/inward/record.uri?partnerID=HzOxMe3b&scp=84865244997&origin=inward,https://www.scopus.com/inward/citedby.uri?partnerID=HzOxMe3b&scp=84865244997&origin=inward,,2026-04-12 18:29:07,Article,,03275477,https://api.elsevier.com/content/abstract/scopus_id/84865244997,22,2,,,,2.77,36.0,1,13,,,,84865244997,2-s2.0-84865244997
0,Harrison A.,The macroinvertebrate fauna of the Mississippi River,2012,Transactions of the American Entomological Society,,https://www.scopus.com/inward/record.uri?partnerID=HzOxMe3b&scp=84879357200&origin=inward,https://www.scopus.com/inward/citedby.uri?partnerID=HzOxMe3b&scp=84879357200&origin=inward,,2026-04-12 18:29:07,Article,10.3157/061.138.0102,00028320,https://api.elsevier.com/content/abstract/scopus_id/84879357200,138,1-2,,,,0.0,0.0,1,13,,,,84879357200,2-s2.0-84879357200
12,Moro G.,"Insectivory in potamotrygon signata (chondrichthyes: Potamotrygonidae), an endemic freshwater stingray from the parnaíba river basin, Northeastern Brazil",2012,Brazilian Journal of Biology,,https://www.scopus.com/inward/record.uri?partnerID=HzOxMe3b&scp=84872405541&origin=inward,https://www.scopus.com/inward/citedby.uri?partnerID=HzOxMe3b&scp=84872405541&origin=inward,,2026-04-12 18:29:07,Article,10.1590/S1519-69842012000500015,15196984,https://api.elsevier.com/content/abstract/scopus_id/84872405541,72,4,,,,0.92,12.0,1,13,,,,84872405541,2-s2.0-84872405541
37,Fierro P.,Benthic macroinvertebrate assemblages as indicators of water quality applying a modified biotic index in a spatio-seasonal context in a coastal basin of Southern Chile,2012,Revista De Biologia Marina Y Oceanografia,,https://www.scopus.com/inward/record.uri?partnerID=HzOxMe3b&scp=84861117987&origin=inward,https://www.scopus.com/inward/citedby.uri?partnerID=HzOxMe3b&scp=84861117987&origin=inward,,2026-04-12 18:29:07,Article,10.4067/S0718-19572012000100003,07173326,https://api.elsevier.com/content/abstract/scopus_id/84861117987,47,1,,,,2.85,37.0,1,13,,,,84861117987,2-s2.0-84861117987
18,Zrelli S.,"First record of Alainites sadati Thomas, 1994 (Ephemeroptera: Baetidae) in Tunisia, description of the larval stage and ecology",2012,Zootaxa,,https://www.scopus.com/inward/record.uri?partnerID=HzOxMe3b&scp=84866657302&origin=inward,https://www.scopus.com/inward/citedby.uri?partnerID=HzOxMe3b&scp=84866657302&origin=inward,,2026-04-12 18:29:07,Article,10.11646/zootaxa.3497.1.6,11755326,https://api.elsevier.com/content/abstract/scopus_id/84866657302,,3497,,,,1.38,18.0,1,13,,,,84866657302,2-s2.0-84866657302
1,Jacquemin G.,"The aquatic insects of a standard small plain river in NE France, with emphasis on remarkable species",2012,Aquatic Insects,,https://www.scopus.com/inward/record.uri?partnerID=HzOxMe3b&scp=84866447214&origin=inward,https://www.scopus.com/inward/citedby.uri?partnerID=HzOxMe3b&scp=84866447214&origin=inward,,2026-04-12 18:29:07,Article,10.1080/01650424.2012.643017,01650424,https://api.elsevier.com/content/abstract/scopus_id/84866447214,34,SUPPL. 1,,,,0.08,1.0,1,13,,,,84866447214,2-s2.0-84866447214
1,Phiri C.,"Body-size distribution, biomass estimates and life histories of common insect taxa associated with a submerged macrophyte Lagarosiphon ilicifolius in the Sanyati Basin, Lake Kariba, Zimbabwe",2012,African Journal of Aquatic Science,,https://www.scopus.com/inward/record.uri?partnerID=HzOxMe3b&scp=84869832802&origin=inward,https://www.scopus.com/inward/citedby.uri?partnerID=HzOxMe3b&scp=84869832802&origin=inward,,2026-04-12 18:29:07,Article,10.2989/16085914.2012.723195,16085914,https://api.elsevier.com/content/abstract/scopus_id/84869832802,37,3,,,,0.08,1.0,1,13,,,,84869832802,2-s2.0-84869832802
1,Lima L.R.C.,"Imagos of camelobaetidius cayumba (Traver & Edmunds, 1968) (Ephemeroptera: Baetidae)",2012,Zootaxa,,https://www.scopus.com/inward/record.uri?partnerID=HzOxMe3b&scp=84864426941&origin=inward,https://www.scopus.com/inward/citedby.uri?partnerID=HzOxMe3b&scp=84864426941&origin=inward,,2026-04-12 18:29:07,Letter,10.11646/zootaxa.3401.1.6,11755326,https://api.elsevier.com/content/abstract/scopus_id/84864426941,,3401,,,,0.08,1.0,1,13,,,,84864426941,2-s2.0-84864426941
51,Odume O.,"The impact of water quality deterioration on macroinvertebrate communities in the Swartkops River, South Africa: A multimetric approach",2012,African Journal of Aquatic Science,,https://www.scopus.com/inward/record.uri?partnerID=HzOxMe3b&scp=84863603667&origin=inward,https://www.scopus.com/inward/citedby.uri?partnerID=HzOxMe3b&scp=84863603667&origin=inward,,2026-04-12 18:29:07,Article,10.2989/16085914.2012.670613,16085914,https://api.elsevier.com/content/abstract/scopus_id/84863603667,37,2,,,,3.92,51.0,1,13,,,,84863603667,2-s2.0-84863603667
6,Svobodová J.,Spatial and temporal changes of benthic macroinvertebrate assemblages in acidified streams in the Bohemian Forest (Czech Republic),2012,Aquatic Insects,,https://www.scopus.com/inward/record.uri?partnerID=HzOxMe3b&scp=84866465284&origin=inward,https://www.scopus.com/inward/citedby.uri?partnerID=HzOxMe3b&scp=84866465284&origin=inward,,2026-04-12 18:29:07,Article,10.1080/01650424.2012.643048,01650424,https://api.elsevier.com/content/abstract/scopus_id/84866465284,34,SUPPL. 1,,,,0.46,6.0,1,13,,,,84866465284,2-s2.0-84866465284
6,Flowers R.W.,A new species of Atopophlebia Flowers (Ephemeroptera: Leptophlebiidae) from western Ecuador with ecological and biogeographic notes on the genus,2012,Zootaxa,,https://www.scopus.com/inward/record.uri?partnerID=HzOxMe3b&scp=84866233517&origin=inward,https://www.scopus.com/inward/citedby.uri?partnerID=HzOxMe3b&scp=84866233517&origin=inward,,2026-04-12 18:29:07,Article,10.11646/zootaxa.3478.1.3,11755326,https://api.elsevier.com/content/abstract/scopus_id/84866233517,,3478,,,,0.46,6.0,1,13,,,,84866233517,2-s2.0-84866233517
3,Patra A.,"Macroinvertebrate community associated with macrophytes in the Santragachi jheel lake, West Bengal, India",2012,Ekologia Bratislava,,https://www.scopus.com/inward/record.uri?partnerID=HzOxMe3b&scp=84872297397&origin=inward,https://www.scopus.com/inward/citedby.uri?partnerID=HzOxMe3b&scp=84872297397&origin=inward,,2026-04-12 18:29:07,Article,10.4149/ekol-2012-03-274,1335342X,https://api.elsevier.com/content/abstract/scopus_id/84872297397,31,3,,,,0.23,3.0,1,13,,,,84872297397,2-s2.0-84872297397
27,Boldrini R.,Baetidae (Insecta: Ephemeroptera) from northeastern Brazil,2012,Check List,,https://www.scopus.com/inward/record.uri?partnerID=HzOxMe3b&scp=84857311398&origin=inward,https://www.scopus.com/inward/citedby.uri?partnerID=HzOxMe3b&scp=84857311398&origin=inward,,2026-04-12 18:29:07,Article,10.15560/8.1.088,,https://api.elsevier.com/content/abstract/scopus_id/84857311398,8,1,,,,2.08,27.0,1,13,,,,84857311398,2-s2.0-84857311398
10,Sroka P.,"Contribution to the knowledge of the subgenus rhodobaetis jacob, 2003 (Ephemeroptera: Baetidae: Baetis) from central Asia. Part 1",2012,Zootaxa,,https://www.scopus.com/inward/record.uri?partnerID=HzOxMe3b&scp=84862086448&origin=inward,https://www.scopus.com/inward/citedby.uri?partnerID=HzOxMe3b&scp=84862086448&origin=inward,,2026-04-12 18:29:07,Review,10.11646/zootaxa.3311.1.2,11755326,https://api.elsevier.com/content/abstract/scopus_id/84862086448,,3311,,,,0.77,10.0,1,13,,,,84862086448,2-s2.0-84862086448
5,Malzacher P.,New species of Caenis (Ephemeroptera: Caenidae) from southern South Africa,2012,Aquatic Insects,,https://www.scopus.com/inward/record.uri?partnerID=HzOxMe3b&scp=84870523499&origin=inward,https://www.scopus.com/inward/citedby.uri?partnerID=HzOxMe3b&scp=84870523499&origin=inward,,2026-04-12 18:29:07,Article,10.1080/01650424.2012.713112,01650424,https://api.elsevier.com/content/abstract/scopus_id/84870523499,34,2,,,,0.38,5.0,1,13,,,,84870523499,2-s2.0-84870523499
4,Mukherjee T.,Contribution to the knowledge of procloeon harveyi kimmins (lnsecta: Ephemeroptera): Morphology and ecology,2012,Journal of the Entomological Research Society,,https://www.scopus.com/inward/record.uri?partnerID=HzOxMe3b&scp=84872316749&origin=inward,https://www.scopus.com/inward/citedby.uri?partnerID=HzOxMe3b&scp=84872316749&origin=inward,,2026-04-12 18:29:07,Article,,13020250,https://api.elsevier.com/content/abstract/scopus_id/84872316749,14,3,,,,0.31,4.0,1,13,,,,84872316749,2-s2.0-84872316749
13,Gattolliat J.L.,"Two new genera of baetidae (Ephemeroptera) from Borneo (East Kalimantan, Indonesia)",2012,Annales De Limnologie,,https://www.scopus.com/inward/record.uri?partnerID=HzOxMe3b&scp=84996136582&origin=inward,https://www.scopus.com/inward/citedby.uri?partnerID=HzOxMe3b&scp=84996136582&origin=inward,,2026-04-12 18:29:07,Article,10.1051/limn/2012012,00034088,https://api.elsevier.com/content/abstract/scopus_id/84996136582,48,2,,,,1.0,13.0,1,13,,,,84996136582,2-s2.0-84996136582
8,Nieto C.,"A new species of the genus Spiritiops Lugo-Ortiz & McCafferty (Ephemeroptera, Baetidae) from the Pantepui biogeographical province",2012,Zootaxa,,https://www.scopus.com/inward/record.uri?partnerID=HzOxMe3b&scp=84859485399&origin=inward,https://www.scopus.com/inward/citedby.uri?partnerID=HzOxMe3b&scp=84859485399&origin=inward,,2026-04-12 18:29:07,Article,10.11646/zootaxa.3256.1.5,11755326,https://api.elsevier.com/content/abstract/scopus_id/84859485399,,3256,,,,0.62,8.0,1,13,,,,84859485399,2-s2.0-84859485399
8,Nithirojpakdee P.,Maintaining fish diversity in Thailand: Variations in foraging behavior,2012,Environmental Biology of Fishes,,https://www.scopus.com/inward/record.uri?partnerID=HzOxMe3b&scp=84866101857&origin=inward,https://www.scopus.com/inward/citedby.uri?partnerID=HzOxMe3b&scp=84866101857&origin=inward,,2026-04-12 18:29:07,Article,10.1007/s10641-012-9985-5,03781909,https://api.elsevier.com/content/abstract/scopus_id/84866101857,95,2,,,,0.62,8.0,1,13,,,,84866101857,2-s2.0-84866101857
37,Ekrem T.,"Insects inhabiting freshwater and humid habitats in Finnmark, northern Norway",2012,Norwegian Journal of Entomology,,https://www.scopus.com/inward/record.uri?partnerID=HzOxMe3b&scp=84916879009&origin=inward,https://www.scopus.com/inward/citedby.uri?partnerID=HzOxMe3b&scp=84916879009&origin=inward,,2026-04-12 18:29:07,Article,,15018415,https://api.elsevier.com/content/abstract/scopus_id/84916879009,59,2,,,,2.85,37.0,1,13,,,,84916879009,2-s2.0-84916879009
1,Sinitean A.,Usage of biotic indices in evaluating the impact of the urban centres on the quality of the water in rivers,2012,Aacl Bioflux,,https://www.scopus.com/inward/record.uri?partnerID=HzOxMe3b&scp=84862491544&origin=inward,https://www.scopus.com/inward/citedby.uri?partnerID=HzOxMe3b&scp=84862491544&origin=inward,,2026-04-12 18:29:07,Article,,18448143,https://api.elsevier.com/content/abstract/scopus_id/84862491544,5,2,,,,0.08,1.0,1,13,,,,84862491544,2-s2.0-84862491544
6,Valenty J.,Effect of previous use and processing technique on performance of multiplate Hester-Dendy samplers,2012,Freshwater Science,,https://www.scopus.com/inward/record.uri?partnerID=HzOxMe3b&scp=84878336114&origin=inward,https://www.scopus.com/inward/citedby.uri?partnerID=HzOxMe3b&scp=84878336114&origin=inward,,2026-04-12 18:29:07,Article,10.1899/10-174.1,21619549,https://api.elsevier.com/content/abstract/scopus_id/84878336114,31,1,,,,0.46,6.0,1,13,,,,84878336114,2-s2.0-84878336114
9,Wang Q.,"Comparison study on macroinvertebrate assemblage of riffles and pools: A case study of Dong River in Kaixian County of Chongqing, China",2012,Shengtai Xuebao Acta Ecologica Sinica,,https://www.scopus.com/inward/record.uri?partnerID=HzOxMe3b&scp=84869443705&origin=inward,https://www.scopus.com/inward/citedby.uri?partnerID=HzOxMe3b&scp=84869443705&origin=inward,,2026-04-12 18:29:07,Article,10.5846/stxb201109161357,10000933,https://api.elsevier.com/content/abstract/scopus_id/84869443705,32,21,,,,0.69,9.0,1,13,,,,84869443705,2-s2.0-84869443705
37,Sutherland A.B.,Evaluation of deposited sediment and macroinvertebrate metrics used to quantify biological response to excessive sedimentation in agricultural streams,2012,Environmental Management,,https://www.scopus.com/inward/record.uri?partnerID=HzOxMe3b&scp=84861598841&origin=inward,https://www.scopus.com/inward/citedby.uri?partnerID=HzOxMe3b&scp=84861598841&origin=inward,,2026-04-12 18:29:07,Review,10.1007/s00267-012-9854-1,0364152X,https://api.elsevier.com/content/abstract/scopus_id/84861598841,50,1,,,,2.85,37.0,1,13,,,,84861598841,2-s2.0-84861598841
1,Nishino M.,Aquatic insects,2012,Lake Biwa Interactions Between Nature and People,,https://www.scopus.com/inward/record.uri?partnerID=HzOxMe3b&scp=84949565215&origin=inward,https://www.scopus.com/inward/citedby.uri?partnerID=HzOxMe3b&scp=84949565215&origin=inward,,2026-04-12 18:29:07,Book Chapter,10.1007/978-94-007-1783-1_2,,https://api.elsevier.com/content/abstract/scopus_id/84949565215,,,,,,0.08,1.0,1,13,,,,84949565215,2-s2.0-84949565215
13,Mazzoni R.,Niche enlargement as a consequence of co-existence: A case study,2012,Brazilian Journal of Biology,,https://www.scopus.com/inward/record.uri?partnerID=HzOxMe3b&scp=84865127497&origin=inward,https://www.scopus.com/inward/citedby.uri?partnerID=HzOxMe3b&scp=84865127497&origin=inward,,2026-04-12 18:29:07,Article,10.1590/S1519-69842012000200006,15196984,https://api.elsevier.com/content/abstract/scopus_id/84865127497,72,2,,,,1.0,13.0,1,13,,,,84865127497,2-s2.0-84865127497
0,Tanaka S.,Cladocera of Lake Biwa,2012,Lake Biwa Interactions Between Nature and People,,https://www.scopus.com/inward/record.uri?partnerID=HzOxMe3b&scp=84949555219&origin=inward,https://www.scopus.com/inward/citedby.uri?partnerID=HzOxMe3b&scp=84949555219&origin=inward,,2026-04-12 18:29:07,Book Chapter,10.1007/978-94-007-1783-1_2,,https://api.elsevier.com/content/abstract/scopus_id/84949555219,,,,,,0.0,0.0,1,13,,,,84949555219,2-s2.0-84949555219
2,Shalbaf S.,"Insect biodiversity in Karkheh Wild Life Refuge, SW Iran",2012,Journal of Entomology,,https://www.scopus.com/inward/record.uri?partnerID=HzOxMe3b&scp=84857556105&origin=inward,https://www.scopus.com/inward/citedby.uri?partnerID=HzOxMe3b&scp=84857556105&origin=inward,,2026-04-12 18:29:07,Article,10.3923/je.2012.178.182,18125670,https://api.elsevier.com/content/abstract/scopus_id/84857556105,9,3,,,,0.15,2.0,1,13,,,,84857556105,2-s2.0-84857556105
49,Iwasaki Y.,Estimating safe concentrations of trace metals from inter-continental field data on river macroinvertebrates,2012,Environmental Pollution,,https://www.scopus.com/inward/record.uri?partnerID=HzOxMe3b&scp=84859729492&origin=inward,https://www.scopus.com/inward/citedby.uri?partnerID=HzOxMe3b&scp=84859729492&origin=inward,,2026-04-12 18:29:07,Article,10.1016/j.envpol.2012.03.028,02697491,https://api.elsevier.com/content/abstract/scopus_id/84859729492,166,,,,,3.77,49.0,1,13,,,,84859729492,2-s2.0-84859729492
34,Rennie M.,Effects of formalin preservation on invertebrate stable isotope values over decadal time scales,2012,Canadian Journal of Zoology,,https://www.scopus.com/inward/record.uri?partnerID=HzOxMe3b&scp=84868321741&origin=inward,https://www.scopus.com/inward/citedby.uri?partnerID=HzOxMe3b&scp=84868321741&origin=inward,,2026-04-12 18:29:07,Article,10.1139/z2012-101,00084301,https://api.elsevier.com/content/abstract/scopus_id/84868321741,90,11,,,,2.62,34.0,1,13,,,,84868321741,2-s2.0-84868321741
11,Mundahl N.,Success of slimy sculpin reintroductions in Minnesota trout streams: Influence of feeding and diets,2012,American Midland Naturalist,,https://www.scopus.com/inward/record.uri?partnerID=HzOxMe3b&scp=84864211056&origin=inward,https://www.scopus.com/inward/citedby.uri?partnerID=HzOxMe3b&scp=84864211056&origin=inward,,2026-04-12 18:29:07,Article,10.1674/0003-0031-168.1.162,00030031,https://api.elsevier.com/content/abstract/scopus_id/84864211056,168,1,,,,0.85,11.0,1,13,,,,84864211056,2-s2.0-84864211056
3,Emmanuel J.,Comparative study of ecological conditions of four wetlands of punjab using macroinvertebrates as bioindicators,2012,Journal of Animal and Plant Sciences,,https://www.scopus.com/inward/record.uri?partnerID=HzOxMe3b&scp=84873555548&origin=inward,https://www.scopus.com/inward/citedby.uri?partnerID=HzOxMe3b&scp=84873555548&origin=inward,,2026-04-12 18:29:07,Article,,10187081,https://api.elsevier.com/content/abstract/scopus_id/84873555548,22,4,,,,0.23,3.0,1,13,,,,84873555548,2-s2.0-84873555548
6,Szivák I.,Are there any differences between taxa groups having distinct ecological traits based on their responses to environmental factors?,2012,Aquatic Insects,,https://www.scopus.com/inward/record.uri?partnerID=HzOxMe3b&scp=84866452412&origin=inward,https://www.scopus.com/inward/citedby.uri?partnerID=HzOxMe3b&scp=84866452412&origin=inward,,2026-04-12 18:29:07,Article,10.1080/01650424.2012.643052,01650424,https://api.elsevier.com/content/abstract/scopus_id/84866452412,34,SUPPL. 1,,,,0.46,6.0,1,13,,,,84866452412,2-s2.0-84866452412
23,Arimoro F.O.,"Spatiotemporal variation of macroinvertebrates in relation to canopy cover and other environmental factors in Eriora River, Niger Delta, Nigeria",2012,Environmental Monitoring and Assessment,,https://www.scopus.com/inward/record.uri?partnerID=HzOxMe3b&scp=84866534441&origin=inward,https://www.scopus.com/inward/citedby.uri?partnerID=HzOxMe3b&scp=84866534441&origin=inward,,2026-04-12 18:29:07,Article,10.1007/s10661-011-2432-9,01676369,https://api.elsevier.com/content/abstract/scopus_id/84866534441,184,10,,,,1.77,23.0,1,13,,,,84866534441,2-s2.0-84866534441
2,Abdelsalam K.M.,"Benthic macro- and meso-invertebrates of a sandy riverbed in a mountain stream, central Japan",2012,Limnology,,https://www.scopus.com/inward/record.uri?partnerID=HzOxMe3b&scp=84857999508&origin=inward,https://www.scopus.com/inward/citedby.uri?partnerID=HzOxMe3b&scp=84857999508&origin=inward,,2026-04-12 18:29:07,Article,10.1007/s10201-011-0363-3,14398621,https://api.elsevier.com/content/abstract/scopus_id/84857999508,13,1,,,,0.15,2.0,1,13,,,,84857999508,2-s2.0-84857999508
8,Stoica C.,Evolution of an aquatic ecosystem (The suceava river) for a 3-year period in terms of ecological dynamics,2012,Journal of Environmental Protection and Ecology,,https://www.scopus.com/inward/record.uri?partnerID=HzOxMe3b&scp=84860204499&origin=inward,https://www.scopus.com/inward/citedby.uri?partnerID=HzOxMe3b&scp=84860204499&origin=inward,,2026-04-12 18:29:07,Article,,13115065,https://api.elsevier.com/content/abstract/scopus_id/84860204499,13,1,,,,0.62,8.0,1,13,,,,84860204499,2-s2.0-84860204499
13,Kil H.,Effects of low-head dam removal on benthic macroinvertebrate communities in a Korean stream,2012,Animal Cells and Systems,,https://www.scopus.com/inward/record.uri?partnerID=HzOxMe3b&scp=84857170586&origin=inward,https://www.scopus.com/inward/citedby.uri?partnerID=HzOxMe3b&scp=84857170586&origin=inward,,2026-04-12 18:29:07,Article,10.1080/19768354.2011.611176,19768354,https://api.elsevier.com/content/abstract/scopus_id/84857170586,16,1,,,,1.0,13.0,1,13,,,,84857170586,2-s2.0-84857170586
36,Belicka L.,A molecular and stable isotopic approach to investigate algal and detrital energy pathways in a freshwater marsh,2012,Wetlands,,https://www.scopus.com/inward/record.uri?partnerID=HzOxMe3b&scp=84863981658&origin=inward,https://www.scopus.com/inward/citedby.uri?partnerID=HzOxMe3b&scp=84863981658&origin=inward,,2026-04-12 18:29:07,Article,10.1007/s13157-012-0288-6,02775212,https://api.elsevier.com/content/abstract/scopus_id/84863981658,32,3,,,,2.77,36.0,1,13,,,,84863981658,2-s2.0-84863981658
32,Rebora M.,Olfaction in dragonflies: Electrophysiological evidence,2012,Journal of Insect Physiology,,https://www.scopus.com/inward/record.uri?partnerID=HzOxMe3b&scp=84855550322&origin=inward,https://www.scopus.com/inward/citedby.uri?partnerID=HzOxMe3b&scp=84855550322&origin=inward,,2026-04-12 18:29:07,Article,10.1016/j.jinsphys.2011.11.018,00221910,https://api.elsevier.com/content/abstract/scopus_id/84855550322,58,2,,,,2.46,32.0,1,13,,,,84855550322,2-s2.0-84855550322
19,Maltchik L.,Diversity and distribution of aquatic insects in Southern Brazil wetlands: Implications for biodiversity conservation in a Neotropical region,2012,Revista De Biologia Tropical,,https://www.scopus.com/inward/record.uri?partnerID=HzOxMe3b&scp=84860557210&origin=inward,https://www.scopus.com/inward/citedby.uri?partnerID=HzOxMe3b&scp=84860557210&origin=inward,,2026-04-12 18:29:07,Article,10.15517/rbt.v60i1.2761,00347744,https://api.elsevier.com/content/abstract/scopus_id/84860557210,60,1,,,,1.46,19.0,1,13,,,,84860557210,2-s2.0-84860557210
47,Wan X.,"Complete mitochondrial genome of the free-living earwig, Challia fletcheri (dermaptera: Pygidicranidae) and phylogeny of polyneoptera",2012,Plos One,,https://www.scopus.com/inward/record.uri?partnerID=HzOxMe3b&scp=84864650156&origin=inward,https://www.scopus.com/inward/citedby.uri?partnerID=HzOxMe3b&scp=84864650156&origin=inward,,2026-04-12 18:29:07,Article,10.1371/journal.pone.0042056,,https://api.elsevier.com/content/abstract/scopus_id/84864650156,7,8,,,,3.62,47.0,1,13,,,,84864650156,2-s2.0-84864650156
5,Boldrini R.,"New species and new records of Camelobaetidius Demoulin, 1966 (Ephemeroptera: Baetidae) from Southeastern Brazil",2012,Zootaxa,,https://www.scopus.com/inward/record.uri?partnerID=HzOxMe3b&scp=84867931094&origin=inward,https://www.scopus.com/inward/citedby.uri?partnerID=HzOxMe3b&scp=84867931094&origin=inward,,2026-04-12 18:29:07,Article,10.11646/zootaxa.3526.1.2,11755326,https://api.elsevier.com/content/abstract/scopus_id/84867931094,,3526,,,,0.38,5.0,1,13,,,,84867931094,2-s2.0-84867931094
11,Selva Kumar C.,Influence of certain forces on evolution of synonymous codon usage bias in certain species of three basal orders of aquatic insects,2012,Mitochondrial DNA,,https://www.scopus.com/inward/record.uri?partnerID=HzOxMe3b&scp=84870898079&origin=inward,https://www.scopus.com/inward/citedby.uri?partnerID=HzOxMe3b&scp=84870898079&origin=inward,,2026-04-12 18:29:07,Article,10.3109/19401736.2012.710203,19401736,https://api.elsevier.com/content/abstract/scopus_id/84870898079,23,6,,,,0.85,11.0,1,13,,,,84870898079,2-s2.0-84870898079
13,Hammock B.G.,Incorporating invertebrate predators into theory regarding the timing of invertebrate drift,2012,Aquatic Ecology,,https://www.scopus.com/inward/record.uri?partnerID=HzOxMe3b&scp=84863395180&origin=inward,https://www.scopus.com/inward/citedby.uri?partnerID=HzOxMe3b&scp=84863395180&origin=inward,,2026-04-12 18:29:07,Article,10.1007/s10452-012-9388-x,13862588,https://api.elsevier.com/content/abstract/scopus_id/84863395180,46,2,,,,1.0,13.0,1,13,,,,84863395180,2-s2.0-84863395180
21,Bagatini Y.M.,"Benthic macroinvertebrate community structure in a stream of the north-west region of paraná state, Brazil",2012,Biota Neotropica,,https://www.scopus.com/inward/record.uri?partnerID=HzOxMe3b&scp=84864528424&origin=inward,https://www.scopus.com/inward/citedby.uri?partnerID=HzOxMe3b&scp=84864528424&origin=inward,,2026-04-12 18:29:07,Article,10.1590/s1676-06032012000100023,16786424,https://api.elsevier.com/content/abstract/scopus_id/84864528424,12,1,,,,1.62,21.0,1,13,,,,84864528424,2-s2.0-84864528424
22,Braaten P.J.,"Natural growth and diet of known-age pallid sturgeon (Scaphirhynchus albus) early life stages in the upper Missouri River basin, Montana and North Dakota",2012,Journal of Applied Ichthyology,,https://www.scopus.com/inward/record.uri?partnerID=HzOxMe3b&scp=84863609901&origin=inward,https://www.scopus.com/inward/citedby.uri?partnerID=HzOxMe3b&scp=84863609901&origin=inward,,2026-04-12 18:29:07,Article,10.1111/j.1439-0426.2012.01964.x,01758659,https://api.elsevier.com/content/abstract/scopus_id/84863609901,28,4,,,,1.69,22.0,1,13,,,,84863609901,2-s2.0-84863609901
9,Yang L.,The assessment of river health using benthic-index of biotic integrity for wenyu river,2012,Shengtai Xuebao Acta Ecologica Sinica,,https://www.scopus.com/inward/record.uri?partnerID=HzOxMe3b&scp=84864301271&origin=inward,https://www.scopus.com/inward/citedby.uri?partnerID=HzOxMe3b&scp=84864301271&origin=inward,,2026-04-12 18:29:07,Article,10.5846/stxb201105160630,10000933,https://api.elsevier.com/content/abstract/scopus_id/84864301271,32,11,,,,0.69,9.0,1,13,,,,84864301271,2-s2.0-84864301271
20,Mahboobi Soofiani N.,"Effects of trout farm effluent on water quality and the macrobenthic invertebrate community of the Zayandeh-Roud River, Iran",2012,North American Journal of Aquaculture,,https://www.scopus.com/inward/record.uri?partnerID=HzOxMe3b&scp=84949115208&origin=inward,https://www.scopus.com/inward/citedby.uri?partnerID=HzOxMe3b&scp=84949115208&origin=inward,,2026-04-12 18:29:07,Article,10.1080/15222055.2012.672367,15222055,https://api.elsevier.com/content/abstract/scopus_id/84949115208,74,2,,,,1.54,20.0,1,13,,,,84949115208,2-s2.0-84949115208
24,Hanson M.,Comparing Effects of Lake- and Watershed-Scale Influences on Communities of Aquatic Invertebrates in Shallow Lakes,2012,Plos One,,https://www.scopus.com/inward/record.uri?partnerID=HzOxMe3b&scp=84866106527&origin=inward,https://www.scopus.com/inward/citedby.uri?partnerID=HzOxMe3b&scp=84866106527&origin=inward,,2026-04-12 18:29:07,Article,10.1371/journal.pone.0044644,,https://api.elsevier.com/content/abstract/scopus_id/84866106527,7,9,,,,1.85,24.0,1,13,,,,84866106527,2-s2.0-84866106527
19,Michailova P.,Does biodiversity of macroinvertebrates and genome response of Chironomidae larvae (Diptera) reflect heavy metal pollution in a small pond?,2012,Environmental Monitoring and Assessment,,https://www.scopus.com/inward/record.uri?partnerID=HzOxMe3b&scp=82255186631&origin=inward,https://www.scopus.com/inward/citedby.uri?partnerID=HzOxMe3b&scp=82255186631&origin=inward,,2026-04-12 18:29:07,Article,10.1007/s10661-011-1942-9,01676369,https://api.elsevier.com/content/abstract/scopus_id/82255186631,184,1,,,,1.46,19.0,1,13,,,,82255186631,2-s2.0-82255186631
11,Lento J.,Evaluating long-term trends in littoral benthic macroinvertebrate communities of lakes recovering from acid deposition,2012,Environmental Monitoring and Assessment,,https://www.scopus.com/inward/record.uri?partnerID=HzOxMe3b&scp=84871712299&origin=inward,https://www.scopus.com/inward/citedby.uri?partnerID=HzOxMe3b&scp=84871712299&origin=inward,,2026-04-12 18:29:07,Article,10.1007/s10661-011-2489-5,01676369,https://api.elsevier.com/content/abstract/scopus_id/84871712299,184,12,,,,0.85,11.0,1,13,,,,84871712299,2-s2.0-84871712299
59,Monk W.A.,How does macroinvertebrate taxonomic resolution influence ecohydrological relationships in riverine ecosystems,2012,Ecohydrology,,https://www.scopus.com/inward/record.uri?partnerID=HzOxMe3b&scp=84856565984&origin=inward,https://www.scopus.com/inward/citedby.uri?partnerID=HzOxMe3b&scp=84856565984&origin=inward,,2026-04-12 18:29:07,Article,10.1002/eco.192,19360584,https://api.elsevier.com/content/abstract/scopus_id/84856565984,5,1,,,,4.54,59.0,1,13,,,,84856565984,2-s2.0-84856565984
8,Ocon C.S.,"Assessment of water quality in temperate-plain streams (Argentina, South America) using a multiple approach",2012,Ecologia Austral,,https://www.scopus.com/inward/record.uri?partnerID=HzOxMe3b&scp=84865266344&origin=inward,https://www.scopus.com/inward/citedby.uri?partnerID=HzOxMe3b&scp=84865266344&origin=inward,,2026-04-12 18:29:07,Article,,03275477,https://api.elsevier.com/content/abstract/scopus_id/84865266344,22,2,,,,0.62,8.0,1,13,,,,84865266344,2-s2.0-84865266344
84,Lunde K.B.,Development and validation of a macroinvertebrate index of biotic integrity (IBI) for assessing urban impacts to Northern California freshwater wetlands,2012,Environmental Monitoring and Assessment,,https://www.scopus.com/inward/record.uri?partnerID=HzOxMe3b&scp=84863752572&origin=inward,https://www.scopus.com/inward/citedby.uri?partnerID=HzOxMe3b&scp=84863752572&origin=inward,,2026-04-12 18:29:07,Article,10.1007/s10661-011-2214-4,01676369,https://api.elsevier.com/content/abstract/scopus_id/84863752572,184,6,,,,6.46,84.0,1,13,,,,84863752572,2-s2.0-84863752572
15,Perkin J.S.,Life history aspects of a relict ironcolor shiner notropis chalybaeus population in a novel spring environment,2012,American Midland Naturalist,,https://www.scopus.com/inward/record.uri?partnerID=HzOxMe3b&scp=84855405181&origin=inward,https://www.scopus.com/inward/citedby.uri?partnerID=HzOxMe3b&scp=84855405181&origin=inward,,2026-04-12 18:29:07,Article,10.1674/0003-0031-167.1.111,00030031,https://api.elsevier.com/content/abstract/scopus_id/84855405181,167,1,,,,1.15,15.0,1,13,,,,84855405181,2-s2.0-84855405181
63,Mcmullen L.E.,Quantifying invertebrate resistance to floods: A global-scale meta-analysis,2012,Ecological Applications,,https://www.scopus.com/inward/record.uri?partnerID=HzOxMe3b&scp=84871216583&origin=inward,https://www.scopus.com/inward/citedby.uri?partnerID=HzOxMe3b&scp=84871216583&origin=inward,,2026-04-12 18:29:07,Article,10.1890/11-1650.1,10510761,https://api.elsevier.com/content/abstract/scopus_id/84871216583,22,8,,,,4.85,63.0,1,13,,,,84871216583,2-s2.0-84871216583
88,Bogan M.,Aerial dispersal of aquatic invertebrates along and away from arid-land streams,2012,Freshwater Science,,https://www.scopus.com/inward/record.uri?partnerID=HzOxMe3b&scp=84876301422&origin=inward,https://www.scopus.com/inward/citedby.uri?partnerID=HzOxMe3b&scp=84876301422&origin=inward,,2026-04-12 18:29:07,Article,10.1899/12-066.1,21619549,https://api.elsevier.com/content/abstract/scopus_id/84876301422,31,4,,,,6.77,88.0,1,13,,,,84876301422,2-s2.0-84876301422
31,Benoy G.A.,Physical and ecological thresholds for deposited sediments in streams in agricultural landscapes,2012,Journal of Environmental Quality,,https://www.scopus.com/inward/record.uri?partnerID=HzOxMe3b&scp=84857082956&origin=inward,https://www.scopus.com/inward/citedby.uri?partnerID=HzOxMe3b&scp=84857082956&origin=inward,,2026-04-12 18:29:07,Article,10.2134/jeq2010.0251,00472425,https://api.elsevier.com/content/abstract/scopus_id/84857082956,41,1,,,,2.38,31.0,1,13,,,,84857082956,2-s2.0-84857082956
2,Kyerematen R.,Aquatic insect fauna of three river systems in the Akyem Abuakwa traditional area of the Eastern Region of Ghana,2012,West African Journal of Applied Ecology,,https://www.scopus.com/inward/record.uri?partnerID=HzOxMe3b&scp=84885994157&origin=inward,https://www.scopus.com/inward/citedby.uri?partnerID=HzOxMe3b&scp=84885994157&origin=inward,,2026-04-12 18:29:07,Article,,08554307,https://api.elsevier.com/content/abstract/scopus_id/84885994157,20,3 SPL. EDN,,,,0.15,2.0,1,13,,,,84885994157,2-s2.0-84885994157
13,Monaghan K.A.,Bringing new knowledge to an old problem: Building a biotic index from lotic macroinvertebrate traits,2012,Ecological Indicators,,https://www.scopus.com/inward/record.uri?partnerID=HzOxMe3b&scp=84858248470&origin=inward,https://www.scopus.com/inward/citedby.uri?partnerID=HzOxMe3b&scp=84858248470&origin=inward,,2026-04-12 18:29:07,Article,10.1016/j.ecolind.2012.02.017,1470160X,https://api.elsevier.com/content/abstract/scopus_id/84858248470,20,,,,,1.0,13.0,1,13,,,,84858248470,2-s2.0-84858248470
22,Sroka P.,Systematics and phylogeny of the West Palaearctic representatives of subfamily Baetinae (Insecta: Ephemeroptera): Combined analysis of mitochondrial DNA sequences and morphology,2012,Aquatic Insects,,https://www.scopus.com/inward/record.uri?partnerID=HzOxMe3b&scp=84869109893&origin=inward,https://www.scopus.com/inward/citedby.uri?partnerID=HzOxMe3b&scp=84869109893&origin=inward,,2026-04-12 18:29:07,Article,10.1080/01650424.2012.718081,01650424,https://api.elsevier.com/content/abstract/scopus_id/84869109893,34,1,,,,1.69,22.0,1,13,,,,84869109893,2-s2.0-84869109893
62,Relyea C.D.,Development and validation of an aquatic fine sediment biotic index,2012,Environmental Management,,https://www.scopus.com/inward/record.uri?partnerID=HzOxMe3b&scp=84856697579&origin=inward,https://www.scopus.com/inward/citedby.uri?partnerID=HzOxMe3b&scp=84856697579&origin=inward,,2026-04-12 18:29:07,Article,10.1007/s00267-011-9784-3,0364152X,https://api.elsevier.com/content/abstract/scopus_id/84856697579,49,1,,,,4.77,62.0,1,13,,,,84856697579,2-s2.0-84856697579
47,Einheuser M.D.,Modeling the effects of conservation practices on stream health,2012,Science of the Total Environment,,https://www.scopus.com/inward/record.uri?partnerID=HzOxMe3b&scp=84864502835&origin=inward,https://www.scopus.com/inward/citedby.uri?partnerID=HzOxMe3b&scp=84864502835&origin=inward,,2026-04-12 18:29:07,Article,10.1016/j.scitotenv.2012.07.033,00489697,https://api.elsevier.com/content/abstract/scopus_id/84864502835,435-436,,,,,3.62,47.0,1,13,,,,84864502835,2-s2.0-84864502835
45,da Silva J.,"Food-resource partitioning among fish species from a first-order stream in northwestern Paraná, Brazil",2012,Neotropical Ichthyology,,https://www.scopus.com/inward/record.uri?partnerID=HzOxMe3b&scp=84864462957&origin=inward,https://www.scopus.com/inward/citedby.uri?partnerID=HzOxMe3b&scp=84864462957&origin=inward,,2026-04-12 18:29:07,Article,10.1590/S1679-62252012005000008,16796225,https://api.elsevier.com/content/abstract/scopus_id/84864462957,10,2,,,,3.46,45.0,1,13,,,,84864462957,2-s2.0-84864462957
16,Yeates D.,A view from the edge of the forest: Recent progress in understanding the relationships of the insect orders,2012,Australian Journal of Entomology,,https://www.scopus.com/inward/record.uri?partnerID=HzOxMe3b&scp=84861154887&origin=inward,https://www.scopus.com/inward/citedby.uri?partnerID=HzOxMe3b&scp=84861154887&origin=inward,,2026-04-12 18:29:07,Review,10.1111/j.1440-6055.2012.00857.x,13266756,https://api.elsevier.com/content/abstract/scopus_id/84861154887,51,2,,,,1.23,16.0,1,13,,,,84861154887,2-s2.0-84861154887
62,Ramchunder S.,Catchment-scale peatland restoration benefits stream ecosystem biodiversity,2012,Journal of Applied Ecology,,https://www.scopus.com/inward/record.uri?partnerID=HzOxMe3b&scp=84855943052&origin=inward,https://www.scopus.com/inward/citedby.uri?partnerID=HzOxMe3b&scp=84855943052&origin=inward,,2026-04-12 18:29:07,Article,10.1111/j.1365-2664.2011.02075.x,00218901,https://api.elsevier.com/content/abstract/scopus_id/84855943052,49,1,,,,4.77,62.0,1,13,,,,84855943052,2-s2.0-84855943052
18,Vásquez-Ramos J.M.,Benthic fauna structure in streams of Colombian Andes,2012,Revista Colombiana De Entomologia,,https://www.scopus.com/inward/record.uri?partnerID=HzOxMe3b&scp=84878249257&origin=inward,https://www.scopus.com/inward/citedby.uri?partnerID=HzOxMe3b&scp=84878249257&origin=inward,,2026-04-12 18:29:07,Article,10.25100/socolen.v38i2.9018,01200488,https://api.elsevier.com/content/abstract/scopus_id/84878249257,38,2,,,,1.38,18.0,1,13,,,,84878249257,2-s2.0-84878249257
13,Li F.,Characterizing macroinvertebrate communities across China: Large-scale implementation of a self-organizing map,2012,Ecological Indicators,,https://www.scopus.com/inward/record.uri?partnerID=HzOxMe3b&scp=84861176280&origin=inward,https://www.scopus.com/inward/citedby.uri?partnerID=HzOxMe3b&scp=84861176280&origin=inward,,2026-04-12 18:29:07,Article,10.1016/j.ecolind.2012.04.017,1470160X,https://api.elsevier.com/content/abstract/scopus_id/84861176280,23,,,,,1.0,13.0,1,13,,,,84861176280,2-s2.0-84861176280
15,Bench M.E.,New species and first records of trichomycetes from immature aquatic insects in Idaho,2012,Mycologia,,https://www.scopus.com/inward/record.uri?partnerID=HzOxMe3b&scp=84856336319&origin=inward,https://www.scopus.com/inward/citedby.uri?partnerID=HzOxMe3b&scp=84856336319&origin=inward,,2026-04-12 18:29:07,Article,10.3852/11-203,00275514,https://api.elsevier.com/content/abstract/scopus_id/84856336319,104,1,,,,1.15,15.0,1,13,,,,84856336319,2-s2.0-84856336319
157,Wagenhoff A.,Macroinvertebrate responses along broad stressor gradients of deposited fine sediment and dissolved nutrients: A stream mesocosm experiment,2012,Journal of Applied Ecology,,https://www.scopus.com/inward/record.uri?partnerID=HzOxMe3b&scp=84863993906&origin=inward,https://www.scopus.com/inward/citedby.uri?partnerID=HzOxMe3b&scp=84863993906&origin=inward,,2026-04-12 18:29:07,Article,10.1111/j.1365-2664.2012.02162.x,00218901,https://api.elsevier.com/content/abstract/scopus_id/84863993906,49,4,,,,12.08,157.0,1,13,,,,84863993906,2-s2.0-84863993906
19,Zhang Y.,"Relationships between the Seasonal Variations of Macroinvertebrates, and Land Uses for Biomonitoring in the Xitiaoxi River Watershed, China",2012,International Review of Hydrobiology,,https://www.scopus.com/inward/record.uri?partnerID=HzOxMe3b&scp=84862657045&origin=inward,https://www.scopus.com/inward/citedby.uri?partnerID=HzOxMe3b&scp=84862657045&origin=inward,,2026-04-12 18:29:07,Article,10.1002/iroh.201111487,14342944,https://api.elsevier.com/content/abstract/scopus_id/84862657045,97,3,,,,1.46,19.0,1,13,,,,84862657045,2-s2.0-84862657045
6,Rezende R.d.S.,Environmental assessment of the Pandeiros river using macroinvertebrates as indicators of water quality,2012,Ecologia Austral,,https://www.scopus.com/inward/record.uri?partnerID=HzOxMe3b&scp=84870789068&origin=inward,https://www.scopus.com/inward/citedby.uri?partnerID=HzOxMe3b&scp=84870789068&origin=inward,,2026-04-12 18:29:07,Article,,03275477,https://api.elsevier.com/content/abstract/scopus_id/84870789068,22,3,,,,0.46,6.0,1,13,,,,84870789068,2-s2.0-84870789068
1,Pavlova M.,"Changes in the aquatic communities in the rhodopes mountain landslide lakes (South Bulgaria) for the last 40 years. I. Taxonomic composition of macrozoobenthos, zooplankton and fish communities",2012,Acta Zoologica Bulgarica,,https://www.scopus.com/inward/record.uri?partnerID=HzOxMe3b&scp=84887114212&origin=inward,https://www.scopus.com/inward/citedby.uri?partnerID=HzOxMe3b&scp=84887114212&origin=inward,,2026-04-12 18:29:07,Article,,03240770,https://api.elsevier.com/content/abstract/scopus_id/84887114212,64,SUPPL.4,,,,0.08,1.0,1,13,,,,84887114212,2-s2.0-84887114212
14,White H.,More for less: A study of environmental flows during drought in two Australian rivers,2012,Freshwater Biology,,https://www.scopus.com/inward/record.uri?partnerID=HzOxMe3b&scp=84858074671&origin=inward,https://www.scopus.com/inward/citedby.uri?partnerID=HzOxMe3b&scp=84858074671&origin=inward,,2026-04-12 18:29:07,Article,10.1111/j.1365-2427.2011.02732.x,00465070,https://api.elsevier.com/content/abstract/scopus_id/84858074671,57,4,,,,1.08,14.0,1,13,,,,84858074671,2-s2.0-84858074671
14,Spindler B.,"Habitat and prey availability attributes associated with juvenile and early adult pallid sturgeon occurrence in the Missouri River, USA",2012,Endangered Species Research,,https://www.scopus.com/inward/record.uri?partnerID=HzOxMe3b&scp=84862564547&origin=inward,https://www.scopus.com/inward/citedby.uri?partnerID=HzOxMe3b&scp=84862564547&origin=inward,,2026-04-12 18:29:07,Article,10.3354/esr00408,18635407,https://api.elsevier.com/content/abstract/scopus_id/84862564547,16,3,,,,1.08,14.0,1,13,,,,84862564547,2-s2.0-84862564547
90,Jun Y.C.,A multimetric benthic macroinvertebrate index for the assessment of stream biotic integrity in Korea,2012,International Journal of Environmental Research and Public Health,,https://www.scopus.com/inward/record.uri?partnerID=HzOxMe3b&scp=84868122229&origin=inward,https://www.scopus.com/inward/citedby.uri?partnerID=HzOxMe3b&scp=84868122229&origin=inward,,2026-04-12 18:29:07,Article,10.3390/ijerph9103599,16617827,https://api.elsevier.com/content/abstract/scopus_id/84868122229,9,10,,,,6.92,90.0,1,13,,,,84868122229,2-s2.0-84868122229
13,Stewart P.,"Characterization of large wood and its relationship to pool formation and macroinvertebrate metrics in southeastern coastal plain streams, usa",2012,Journal of Freshwater Ecology,,https://www.scopus.com/inward/record.uri?partnerID=HzOxMe3b&scp=84868615302&origin=inward,https://www.scopus.com/inward/citedby.uri?partnerID=HzOxMe3b&scp=84868615302&origin=inward,,2026-04-12 18:29:07,Article,10.1080/02705060.2012.679322,02705060,https://api.elsevier.com/content/abstract/scopus_id/84868615302,27,3,,,,1.0,13.0,1,13,,,,84868615302,2-s2.0-84868615302
6,Lampart-Kałużniacka M.,"Ecological condition of water in Rega river in the area of Gryfice, Poland",2012,Rocznik Ochrona Srodowiska,,https://www.scopus.com/inward/record.uri?partnerID=HzOxMe3b&scp=85017314843&origin=inward,https://www.scopus.com/inward/citedby.uri?partnerID=HzOxMe3b&scp=85017314843&origin=inward,,2026-04-12 18:29:07,Article,,1506218X,https://api.elsevier.com/content/abstract/scopus_id/85017314843,2012,14,,,,0.46,6.0,1,13,,,,85017314843,2-s2.0-85017314843
56,Harwood A.,Can SPME fiber and tenax methods predict the bioavailability of biotransformed insecticides?,2012,Environmental Science and Technology,,https://www.scopus.com/inward/record.uri?partnerID=HzOxMe3b&scp=84857714481&origin=inward,https://www.scopus.com/inward/citedby.uri?partnerID=HzOxMe3b&scp=84857714481&origin=inward,,2026-04-12 18:29:07,Article,10.1021/es2035174,0013936X,https://api.elsevier.com/content/abstract/scopus_id/84857714481,46,4,,,,4.31,56.0,1,13,,,,84857714481,2-s2.0-84857714481
2,Marchant R.,Taxonomic Distinctness as a Measure of Diversity of Stream Insects Exposed to Varying Salinity Levels in South-Eastern Australia,2012,River Conservation and Management,,https://www.scopus.com/inward/record.uri?partnerID=HzOxMe3b&scp=84886838222&origin=inward,https://www.scopus.com/inward/citedby.uri?partnerID=HzOxMe3b&scp=84886838222&origin=inward,,2026-04-12 18:29:07,Book Chapter,10.1002/9781119961819.ch14,,https://api.elsevier.com/content/abstract/scopus_id/84886838222,,,,,,0.15,2.0,1,13,,,,84886838222,2-s2.0-84886838222
3,Tipping E.,Atmospheric pollution histories of three Cumbrian surface waters,2012,Freshwater Biology,,https://www.scopus.com/inward/record.uri?partnerID=HzOxMe3b&scp=84855358083&origin=inward,https://www.scopus.com/inward/citedby.uri?partnerID=HzOxMe3b&scp=84855358083&origin=inward,,2026-04-12 18:29:07,Article,10.1111/j.1365-2427.2011.02617.x,00465070,https://api.elsevier.com/content/abstract/scopus_id/84855358083,57,2,,,,0.23,3.0,1,13,,,,84855358083,2-s2.0-84855358083
4,Han M.,The impact of run-of stream dams on benthic macroinvertebrate assemblages in urban streams,2012,Shengtai Xuebao Acta Ecologica Sinica,,https://www.scopus.com/inward/record.uri?partnerID=HzOxMe3b&scp=84863168451&origin=inward,https://www.scopus.com/inward/citedby.uri?partnerID=HzOxMe3b&scp=84863168451&origin=inward,,2026-04-12 18:29:07,Article,10.5846/stxb201012081751,10000933,https://api.elsevier.com/content/abstract/scopus_id/84863168451,32,2,,,,0.31,4.0,1,13,,,,84863168451,2-s2.0-84863168451
78,Mereta S.,Analysis of environmental factors determining the abundance and diversity of macroinvertebrate taxa in natural wetlands of Southwest Ethiopia,2012,Ecological Informatics,,https://www.scopus.com/inward/record.uri?partnerID=HzOxMe3b&scp=84855305421&origin=inward,https://www.scopus.com/inward/citedby.uri?partnerID=HzOxMe3b&scp=84855305421&origin=inward,,2026-04-12 18:29:07,Article,10.1016/j.ecoinf.2011.11.005,15749541,https://api.elsevier.com/content/abstract/scopus_id/84855305421,7,1,,,,6.0,78.0,1,13,,,,84855305421,2-s2.0-84855305421
60,Maloney K.O.,Applying additive modelling and gradient boosting to assess the effects of watershed and reach characteristics on riverine assemblages,2012,Methods in Ecology and Evolution,,https://www.scopus.com/inward/record.uri?partnerID=HzOxMe3b&scp=84867418169&origin=inward,https://www.scopus.com/inward/citedby.uri?partnerID=HzOxMe3b&scp=84867418169&origin=inward,,2026-04-12 18:29:07,Article,10.1111/j.2041-210X.2011.00124.x,,https://api.elsevier.com/content/abstract/scopus_id/84867418169,3,1,,,,4.62,60.0,1,13,,,,84867418169,2-s2.0-84867418169
43,Hepp L.,Experimental Assessment of the Effects of Environmental Factors and Longitudinal Position on Alpha and Beta Diversities of Aquatic Insects in a Neotropical Stream,2012,International Review of Hydrobiology,,https://www.scopus.com/inward/record.uri?partnerID=HzOxMe3b&scp=84860320981&origin=inward,https://www.scopus.com/inward/citedby.uri?partnerID=HzOxMe3b&scp=84860320981&origin=inward,,2026-04-12 18:29:07,Article,10.1002/iroh.201111405,14342944,https://api.elsevier.com/content/abstract/scopus_id/84860320981,97,2,,,,3.31,43.0,1,13,,,,84860320981,2-s2.0-84860320981
3,Kluge N.,Cladoendesis and a new look at the evolution of insect metamorphosis,2012,Entomological Review,,https://www.scopus.com/inward/record.uri?partnerID=HzOxMe3b&scp=84867290310&origin=inward,https://www.scopus.com/inward/citedby.uri?partnerID=HzOxMe3b&scp=84867290310&origin=inward,,2026-04-12 18:29:07,Article,10.1134/S0013873812060036,00138738,https://api.elsevier.com/content/abstract/scopus_id/84867290310,92,6,,,,0.23,3.0,1,13,,,,84867290310,2-s2.0-84867290310
4,Pokorny N.,Factors structuring macroinvertebrate communities in a headwater stream and its springs in the Upper Austrian Limestone Alps,2012,River Research and Applications,,https://www.scopus.com/inward/record.uri?partnerID=HzOxMe3b&scp=84861782870&origin=inward,https://www.scopus.com/inward/citedby.uri?partnerID=HzOxMe3b&scp=84861782870&origin=inward,,2026-04-12 18:29:07,Article,10.1002/rra.1474,15351459,https://api.elsevier.com/content/abstract/scopus_id/84861782870,28,5,,,,0.31,4.0,1,13,,,,84861782870,2-s2.0-84861782870
19,Martin S.,"Seasonal changes of macroinvertebrate communities in a stormwater Wetland Collecting pesticide runoff from a vineyard catchment (Alsace, France)",2012,Archives of Environmental Contamination and Toxicology,,https://www.scopus.com/inward/record.uri?partnerID=HzOxMe3b&scp=84856973938&origin=inward,https://www.scopus.com/inward/citedby.uri?partnerID=HzOxMe3b&scp=84856973938&origin=inward,,2026-04-12 18:29:07,Article,10.1007/s00244-011-9687-6,00904341,https://api.elsevier.com/content/abstract/scopus_id/84856973938,62,1,,,,1.46,19.0,1,13,,,,84856973938,2-s2.0-84856973938
57,Guilpart A.,The use of benthic invertebrate community and water quality analyses to assess ecological consequences of fish farm effluents in rivers,2012,Ecological Indicators,,https://www.scopus.com/inward/record.uri?partnerID=HzOxMe3b&scp=84860684025&origin=inward,https://www.scopus.com/inward/citedby.uri?partnerID=HzOxMe3b&scp=84860684025&origin=inward,,2026-04-12 18:29:07,Article,10.1016/j.ecolind.2012.04.019,1470160X,https://api.elsevier.com/content/abstract/scopus_id/84860684025,23,,,,,4.38,57.0,1,13,,,,84860684025,2-s2.0-84860684025
17,Kominoski J.,Invertebrate feeding and emergence timing vary among streams along a gradient of riparian forest composition,2012,Freshwater Biology,,https://www.scopus.com/inward/record.uri?partnerID=HzOxMe3b&scp=84858072256&origin=inward,https://www.scopus.com/inward/citedby.uri?partnerID=HzOxMe3b&scp=84858072256&origin=inward,,2026-04-12 18:29:07,Article,10.1111/j.1365-2427.2012.02740.x,00465070,https://api.elsevier.com/content/abstract/scopus_id/84858072256,57,4,,,,1.31,17.0,1,13,,,,84858072256,2-s2.0-84858072256
7,Dukowska M.,Influence of natural organic matter and metal accumulation in sediment on riverine macrobenthic assemblages,2012,Polish Journal of Ecology,,https://www.scopus.com/inward/record.uri?partnerID=HzOxMe3b&scp=84864747370&origin=inward,https://www.scopus.com/inward/citedby.uri?partnerID=HzOxMe3b&scp=84864747370&origin=inward,,2026-04-12 18:29:07,Article,,15052249,https://api.elsevier.com/content/abstract/scopus_id/84864747370,60,2,,,,0.54,7.0,1,13,,,,84864747370,2-s2.0-84864747370
